Date,Po,Ph,Pl,Pc,Ps,V,H,A,FH,FdomDel,FsubDel,FClose,FSClose,NanHuaIndex,pred
2022-07-22,7050.0,7085.2,6857.0,6956.6,6934.2,22153.0,17517.0,30919100000.0,17517.0,2022-08-19,2022-09-16,6956.6,6901.2,2072.73,0.0
2022-07-25,6974.2,7015.8,6850.0,6878.6,6885.8,22883.0,18747.0,31699700000.0,18747.0,2022-08-19,2022-09-16,6878.6,6823.0,2076.73,0.0
2022-07-26,6898.0,6994.0,6844.8,6991.0,6964.4,19269.0,20386.0,26712000000.0,20386.0,2022-08-19,2022-09-16,6991.0,6937.0,2132.57,0.0
2022-07-27,6982.0,7074.4,6965.2,7066.2,7059.4,19290.0,21390.0,27114000000.0,21390.0,2022-08-19,2022-09-16,7066.2,7015.0,2115.41,0.0
2022-07-28,7110.0,7171.4,7072.4,7119.0,7112.4,22464.0,24584.0,31993800000.0,24584.0,2022-08-19,2022-09-16,7119.0,7074.0,2189.9,1.0
2022-07-29,7130.0,7152.0,7068.0,7087.0,7090.2,25025.0,25557.0,35560100000.0,25557.0,2022-08-19,2022-09-16,7087.0,7044.8,2194.92,1.0
2022-08-01,7070.2,7141.0,7004.4,7136.6,7130.0,22084.0,24149.0,31309900000.0,24149.0,2022-08-19,2022-09-16,7136.6,7087.4,2207.22,1.0
2022-08-02,7070.0,7075.0,6820.4,6948.2,6975.4,37753.0,31769.0,52450600000.0,31769.0,2022-08-19,2022-09-16,6948.2,6905.0,2202.11,1.0
2022-08-03,6990.0,7062.0,6860.8,6882.8,6914.6,32325.0,29243.0,45204800000.0,29243.0,2022-08-19,2022-09-16,6882.8,6841.8,2187.45,1.0
2022-08-04,6933.0,6942.8,6778.2,6890.8,6872.0,35394.0,30899.0,48615500000.0,30899.0,2022-08-19,2022-09-16,6890.8,6843.0,2144.17,1.0
2022-08-05,6903.4,7080.8,6903.4,7080.0,7051.4,31492.0,28786.0,43993600000.0,28786.0,2022-08-19,2022-09-16,7080.0,7026.6,2168.98,1.0
2022-08-08,7060.0,7145.0,7039.6,7132.2,7130.6,20853.0,26514.0,29596300000.0,26514.0,2022-08-19,2022-09-16,7132.2,7081.2,2195.79,1.0
2022-08-09,7120.0,7164.8,7084.4,7160.6,7154.4,18871.0,25359.0,26903700000.0,25359.0,2022-08-19,2022-09-16,7160.6,7106.6,2197.86,1.0
2022-08-10,7138.0,7202.0,7130.0,7168.4,7158.2,21848.0,26391.0,31324200000.0,26391.0,2022-08-19,2022-09-16,7168.4,7115.0,2188.01,1.0
2022-08-11,7201.4,7287.6,7179.6,7284.8,7278.6,22671.0,24871.0,32833500000.0,24871.0,2022-08-19,2022-09-16,7284.8,7228.8,2225.34,1.0
2022-08-12,7275.0,7306.0,7205.4,7222.4,7228.8,19678.0,23573.0,28577300000.0,23573.0,2022-08-19,2022-09-16,7222.4,7170.2,2241.78,1.0
2022-08-15,7210.0,7297.6,7206.0,7266.0,7262.4,20698.0,23063.0,30046100000.0,23063.0,2022-08-19,2022-09-16,7266.0,7215.8,2213.64,1.0
2022-08-16,7275.0,7361.4,7257.2,7311.0,7305.6,21099.0,20891.0,30856300000.0,20891.0,2022-08-19,2022-09-16,7311.0,7263.0,2215.54,1.0
2022-08-17,7317.0,7346.4,7263.8,7327.6,7325.8,18274.0,17086.0,26712200000.0,17086.0,2022-08-19,2022-09-16,7327.6,7278.2,2187.28,1.0
2022-08-18,7320.0,7370.4,7303.0,7358.8,7352.0,14405.0,10606.0,21120700000.0,10606.0,2022-08-19,2022-09-16,7358.8,7316.6,2174.91,1.0
2022-08-19,7361.21,7379.32,7224.63,7227.85,7244.75,31515.0,41807.0,45715100000.0,41807.0,2022-09-16,2022-12-16,7186.4,7036.2,2172.83,1.0
2022-08-22,7221.21,7294.63,7160.46,7274.11,7281.15,27615.0,41665.0,39756300000.0,41665.0,2022-09-16,2022-12-16,7232.4,7079.0,2207.58,1.0
2022-08-23,7265.67,7301.67,7250.18,7295.44,7282.76,25221.0,40321.0,36499200000.0,40321.0,2022-09-16,2022-12-16,7253.6,7093.0,2226.62,1.0
2022-08-24,7304.89,7318.97,6991.49,7010.0,7017.84,43723.0,45038.0,61845500000.0,45038.0,2022-09-16,2022-12-16,6969.8,6805.0,2248.82,-1.0
2022-08-25,7035.35,7039.37,6904.6,6980.43,6953.68,40047.0,44392.0,55498300000.0,44392.0,2022-09-16,2022-12-16,6940.4,6775.2,2252.63,-1.0
2022-08-26,7008.79,7072.56,6926.12,6951.46,6951.46,34552.0,44639.0,48143000000.0,44639.0,2022-09-16,2022-12-16,6911.6,6747.8,2269.16,-1.0
2022-08-29,6849.28,7019.25,6844.25,6990.09,6993.91,35892.0,45432.0,49681100000.0,45432.0,2022-09-16,2022-12-16,6950.0,6787.0,2227.51,-1.0
2022-08-30,6994.31,7005.57,6926.92,6981.03,6972.38,30897.0,43960.0,42825900000.0,43960.0,2022-09-16,2022-12-16,6941.0,6774.0,2201.52,-1.0
2022-08-31,6958.3,6971.78,6737.64,6748.9,6769.82,47768.0,48827.0,64880700000.0,48827.0,2022-09-16,2022-12-16,6710.2,6549.8,2198.29,-1.0
2022-09-01,6758.76,6826.35,6688.15,6721.14,6717.72,38108.0,43659.0,51232100000.0,43659.0,2022-09-16,2022-12-16,6682.6,6520.2,2164.88,-1.0
2022-09-02,6745.08,6812.47,6708.27,6769.02,6764.19,34760.0,42659.0,46762600000.0,42659.0,2022-09-16,2022-12-16,6730.2,6566.0,2153.56,-1.0
2022-09-05,6765.2,6850.08,6730.4,6786.12,6777.06,30586.0,38945.0,41273100000.0,38945.0,2022-09-16,2022-12-16,6747.2,6589.4,2176.9,-1.0
2022-09-06,6809.05,6924.71,6776.86,6919.48,6905.4,33895.0,40847.0,46230100000.0,40847.0,2022-09-16,2022-12-16,6879.8,6722.4,2182.06,-1.0
2022-09-07,6890.51,6994.11,6890.51,6960.11,6957.7,27172.0,37445.0,37569000000.0,37445.0,2022-09-16,2022-12-16,6920.2,6760.0,2161.31,-1.0
2022-09-08,6961.32,6984.86,6903.59,6914.05,6915.26,24336.0,36622.0,33572300000.0,36622.0,2022-09-16,2022-12-16,6874.4,6712.4,2180.8,-1.0
2022-09-09,6932.76,6958.71,6875.63,6952.87,6950.06,31079.0,35762.0,42791000000.0,35762.0,2022-09-16,2022-12-16,6913.0,6761.0,2201.79,-1.0
2022-09-13,6975.2,6997.73,6911.64,6931.15,6927.73,26519.0,30839.0,36630500000.0,30839.0,2022-09-16,2022-12-16,6891.4,6732.0,2236.91,-1.0
2022-09-14,6849.28,6890.51,6823.93,6865.37,6861.75,27940.0,26703.0,38109700000.0,26703.0,2022-09-16,2022-12-16,6826.0,6663.0,2217.72,-1.0
2022-09-15,6894.94,6899.57,6562.03,6634.45,6613.33,29581.0,17024.0,39519700000.0,17024.0,2022-09-16,2022-12-16,6596.4,6410.0,2236.32,-1.0
2022-09-16,6615.52,6674.34,6482.39,6496.64,6510.69,42595.0,42941.0,55144100000.0,42941.0,2022-10-21,2022-12-16,6383.2,6273.0,2215.26,-1.0
2022-09-19,6486.26,6542.44,6368.2,6410.13,6410.13,41542.0,44209.0,52649400000.0,44209.0,2022-10-21,2022-12-16,6298.2,6177.8,2201.98,-1.0
2022-09-20,6474.05,6579.69,6455.73,6502.34,6485.44,37253.0,42171.0,47635100000.0,42171.0,2022-10-21,2022-12-16,6388.8,6259.2,2208.26,-1.0
2022-09-21,6481.17,6562.18,6415.01,6526.56,6538.57,39329.0,43368.0,50217100000.0,43368.0,2022-10-21,2022-12-16,6412.6,6283.2,2234.24,-1.0
2022-09-22,6486.67,6622.44,6481.17,6550.17,6552.82,40306.0,41743.0,51943000000.0,41743.0,2022-10-21,2022-12-16,6435.8,6321.4,2242.26,-1.0
2022-09-23,6551.4,6573.58,6357.0,6435.78,6445.95,55619.0,47752.0,70591100000.0,47752.0,2022-10-21,2022-12-16,6323.4,6222.6,2229.57,-1.0
2022-09-26,6399.75,6504.58,6362.29,6366.16,6385.3,41247.0,43783.0,52076100000.0,43783.0,2022-10-21,2022-12-16,6255.0,6159.0,2178.99,-1.0
2022-09-27,6400.77,6518.83,6382.24,6512.52,6490.74,41677.0,42452.0,52761200000.0,42452.0,2022-10-21,2022-12-16,6398.8,6300.0,2199.21,-1.0
2022-09-28,6493.59,6506.82,6311.41,6312.83,6351.1,48495.0,46383.0,60958000000.0,46383.0,2022-10-21,2022-12-16,6202.6,6122.0,2179.17,-1.0
2022-09-29,6386.52,6420.1,6290.03,6343.16,6325.45,44555.0,44324.0,55750700000.0,44324.0,2022-10-21,2022-12-16,6232.4,6149.2,2213.76,-1.0
2022-09-30,6352.93,6358.43,6206.57,6211.46,6231.21,42514.0,42279.0,52419200000.0,42279.0,2022-10-21,2022-12-16,6103.0,6021.0,2220.39,-1.0
2022-10-10,6230.39,6251.97,6046.99,6082.2,6084.24,35148.0,40822.0,42549500000.0,40822.0,2022-10-21,2022-12-16,5976.0,5885.0,2280.55,-1.0
2022-10-11,6096.45,6137.16,6040.47,6100.73,6103.17,35293.0,41560.0,42266600000.0,41560.0,2022-10-21,2022-12-16,5994.2,5900.6,2263.51,-1.0
2022-10-12,6091.97,6292.27,5999.97,6278.84,6244.03,51182.0,42940.0,61536100000.0,42940.0,2022-10-21,2022-12-16,6169.2,6074.0,2251.82,-1.0
2022-10-13,6256.85,6417.05,6251.36,6353.34,6355.98,39115.0,39171.0,48794500000.0,39171.0,2022-10-21,2022-12-16,6242.4,6147.8,2233.96,0.0
2022-10-14,6411.96,6551.8,6384.69,6532.06,6524.93,39202.0,36866.0,49926800000.0,36866.0,2022-10-21,2022-12-16,6418.0,6326.6,2270.35,1.0
2022-10-17,6513.74,6602.69,6510.48,6562.59,6581.52,31880.0,33532.0,41039000000.0,33532.0,2022-10-21,2022-12-16,6448.0,6360.4,2226.29,1.0
2022-10-18,6580.91,6664.17,6546.71,6612.67,6606.76,30270.0,29775.0,39277000000.0,29775.0,2022-10-21,2022-12-16,6497.2,6395.4,2226.23,1.0
2022-10-19,6592.11,6661.32,6567.07,6577.25,6585.8,29061.0,23707.0,37745200000.0,23707.0,2022-10-21,2022-12-16,6462.4,6363.0,2222.13,1.0
2022-10-20,6549.56,6660.09,6441.07,6560.35,6557.91,28712.0,16423.0,36848000000.0,16423.0,2022-10-21,2022-12-16,6445.8,6310.4,2214.15,1.0
2022-10-21,6570.66,6620.95,6507.8,6572.1,6563.03,36648.0,37244.0,46715600000.0,37244.0,2022-11-18,2022-12-16,6377.4,6322.6,2209.39,1.0
2022-10-24,6564.47,6754.5,6458.33,6554.17,6525.52,52094.0,42297.0,66782100000.0,42297.0,2022-11-18,2022-12-16,6360.0,6308.8,2221.27,1.0
2022-10-25,6533.56,6584.05,6402.06,6534.38,6536.03,51852.0,43255.0,65367200000.0,43255.0,2022-11-18,2022-12-16,6340.8,6300.2,2218.19,1.0
2022-10-26,6542.01,6778.82,6529.64,6699.06,6673.92,59542.0,46450.0,77135300000.0,46450.0,2022-11-18,2022-12-16,6500.6,6465.2,2209.37,1.0
2022-10-27,6733.69,6760.27,6650.01,6670.62,6682.78,42741.0,44611.0,55643500000.0,44611.0,2022-11-18,2022-12-16,6473.0,6442.2,2202.48,1.0
2022-10-28,6622.39,6659.9,6391.35,6414.22,6441.64,51221.0,49201.0,64956600000.0,49201.0,2022-11-18,2022-12-16,6224.2,6198.4,2177.43,1.0
2022-10-31,6392.38,6554.17,6374.24,6478.53,6465.75,48429.0,45610.0,60785700000.0,45610.0,2022-11-18,2022-12-16,6286.6,6250.0,2141.76,1.0
2022-11-01,6509.86,6668.56,6462.86,6668.56,6626.1,50479.0,47333.0,64307000000.0,47333.0,2022-11-18,2022-12-16,6471.0,6434.2,2195.32,1.0
2022-11-02,6656.19,6762.13,6643.83,6731.42,6728.12,35874.0,42370.0,46686800000.0,42370.0,2022-11-18,2022-12-16,6532.0,6502.6,2205.45,1.0
2022-11-03,6691.23,6790.16,6691.23,6763.78,6767.69,33815.0,44664.0,44287200000.0,44664.0,2022-11-18,2022-12-16,6563.4,6532.4,2209.27,1.0
2022-11-04,6789.13,6956.9,6764.6,6952.57,6936.7,43107.0,45654.0,57508900000.0,45654.0,2022-11-18,2022-12-16,6746.6,6717.0,2250.01,1.0
2022-11-07,6936.91,6983.9,6864.36,6916.71,6922.07,37120.0,44441.0,49904300000.0,44441.0,2022-11-18,2022-12-16,6711.8,6686.6,2255.74,1.0
2022-11-08,6229.96,6922.89,6229.96,6912.38,6892.6,28811.0,41036.0,38454500000.0,41036.0,2022-11-18,2022-12-16,6707.6,6681.0,2275.09,1.0
2022-11-09,6904.96,6954.01,6863.33,6878.58,6887.24,29093.0,41426.0,38949400000.0,41426.0,2022-11-18,2022-12-16,6674.8,6658.2,2275.89,1.0
2022-11-10,6840.66,6870.54,6785.01,6817.98,6821.28,33758.0,39501.0,44718800000.0,39501.0,2022-11-18,2022-12-16,6616.0,6596.2,2257.45,1.0
2022-11-11,7007.6,7019.56,6844.57,6847.87,6889.92,45127.0,41806.0,60669100000.0,41806.0,2022-11-18,2022-12-16,6645.0,6630.2,2305.15,1.0
2022-11-14,6871.57,6918.98,6766.05,6793.46,6789.13,36933.0,35029.0,49032500000.0,35029.0,2022-11-18,2022-12-16,6592.2,6578.0,2287.74,1.0
2022-11-15,6796.34,6959.37,6783.56,6959.17,6943.71,33028.0,29552.0,44193300000.0,29552.0,2022-11-18,2022-12-16,6753.0,6742.8,2300.96,1.0
2022-11-16,6953.81,6981.43,6895.89,6902.69,6906.61,23921.0,20940.0,32191000000.0,20940.0,2022-11-18,2022-12-16,6698.2,6684.2,2306.67,1.0
2022-11-17,6886.41,6927.22,6836.53,6920.21,6895.48,20540.0,13082.0,27368900000.0,13082.0,2022-11-18,2022-12-16,6715.2,6707.0,2296.15,1.0
2022-11-18,6913.61,6974.9,6842.21,6857.69,6876.26,41232.0,65843.0,55310300000.0,65843.0,2022-12-16,2023-03-17,6646.4,6583.4,2291.79,1.0
2022-11-21,6816.21,6908.66,6790.41,6897.51,6897.93,39569.0,63153.0,52600900000.0,63153.0,2022-12-16,2023-03-17,6685.0,6624.4,2252.86,1.0
2022-11-22,6886.16,6899.37,6721.49,6765.65,6753.68,51946.0,65524.0,68654700000.0,65524.0,2022-12-16,2023-03-17,6557.2,6479.2,2244.17,1.0
2022-11-23,6771.64,6793.3,6626.36,6761.73,6754.71,49857.0,62214.0,64933700000.0,62214.0,2022-12-16,2023-03-17,6553.4,6476.0,2257.06,0.0
2022-11-24,6778.86,6805.27,6727.68,6767.71,6773.29,38327.0,59758.0,50297800000.0,59758.0,2022-12-16,2023-03-17,6559.2,6475.2,2254.5,0.0
2022-11-25,6753.27,6762.14,6691.98,6703.54,6708.49,35966.0,59535.0,46854400000.0,59535.0,2022-12-16,2023-03-17,6497.0,6414.8,2273.72,0.0
2022-11-28,6628.42,6707.25,6573.94,6698.38,6686.82,42689.0,59330.0,55132600000.0,59330.0,2022-12-16,2023-03-17,6492.0,6407.0,2241.28,0.0
2022-11-29,6708.7,6843.65,6707.66,6806.72,6808.57,41900.0,58558.0,55040600000.0,58558.0,2022-12-16,2023-03-17,6597.0,6520.2,2282.82,0.0
2022-11-30,6810.02,6833.54,6763.79,6792.06,6781.54,31915.0,56213.0,42088600000.0,56213.0,2022-12-16,2023-03-17,6582.8,6496.4,2276.55,0.0
2022-12-01,6867.59,6927.23,6848.81,6873.78,6885.13,34834.0,55105.0,46527800000.0,55105.0,2022-12-16,2023-03-17,6662.0,6585.0,2288.21,0.0
2022-12-02,6873.99,6961.48,6862.64,6894.21,6903.09,30017.0,53280.0,40227100000.0,53280.0,2022-12-16,2023-03-17,6681.8,6606.2,2305.99,0.0
2022-12-05,6942.91,6950.14,6885.13,6916.09,6908.86,34433.0,53712.0,46162300000.0,53712.0,2022-12-16,2023-03-17,6703.0,6621.6,2299.27,0.0
2022-12-06,6902.88,6961.48,6868.62,6910.72,6899.78,35502.0,53057.0,47589800000.0,53057.0,2022-12-16,2023-03-17,6697.8,6611.4,2281.69,0.0
2022-12-07,6902.47,6953.23,6883.69,6908.04,6902.26,31060.0,50646.0,41668900000.0,50646.0,2022-12-16,2023-03-17,6695.2,6609.6,2255.0,0.0
2022-12-08,6914.44,6914.44,6844.69,6875.64,6864.29,29056.0,46919.0,38737300000.0,46919.0,2022-12-16,2023-03-17,6663.8,6572.2,2287.6,0.0
2022-12-09,6877.91,6912.58,6823.43,6897.31,6889.67,34377.0,48640.0,45833000000.0,48640.0,2022-12-16,2023-03-17,6684.8,6586.8,2310.9,0.0
2022-12-12,6890.29,6904.32,6824.26,6866.15,6877.7,36779.0,40334.0,48953500000.0,40334.0,2022-12-16,2023-03-17,6654.6,6565.8,2294.44,0.0
2022-12-13,6871.51,6871.51,6800.11,6814.76,6814.35,27158.0,36462.0,35929700000.0,36462.0,2022-12-16,2023-03-17,6604.8,6521.0,2314.88,0.0
2022-12-14,6825.29,6849.43,6759.67,6782.57,6774.11,30053.0,27501.0,39661200000.0,27501.0,2022-12-16,2023-03-17,6573.6,6474.8,2328.1,0.0
2022-12-15,6773.49,6828.8,6755.75,6810.43,6812.49,23979.0,15696.0,31605800000.0,15696.0,2022-12-16,2023-03-17,6600.6,6506.2,2343.65,0.0
2022-12-16,6792.18,6808.98,6718.34,6773.93,6750.7,30237.0,44714.0,39370200000.0,44714.0,2023-01-20,2023-03-17,6531.8,6476.0,2330.93,0.0
2022-12-19,6765.84,6796.53,6613.6,6654.87,6635.58,31461.0,44445.0,40618600000.0,44445.0,2023-01-20,2023-03-17,6417.0,6365.0,2291.62,-1.0
2022-12-20,6640.35,6656.53,6572.53,6585.8,6592.23,31960.0,47112.0,40764800000.0,47112.0,2023-01-20,2023-03-17,6350.4,6306.4,2293.36,-1.0
2022-12-21,6591.61,6605.92,6480.44,6535.81,6525.44,30254.0,46197.0,38183000000.0,46197.0,2023-01-20,2023-03-17,6302.2,6260.2,2328.66,-1.0
2022-12-22,6562.36,6568.38,6399.96,6436.05,6430.24,32221.0,50546.0,40325900000.0,50546.0,2023-01-20,2023-03-17,6206.0,6173.6,2311.95,-1.0
2022-12-23,6411.16,6463.22,6357.65,6393.74,6381.29,34624.0,49302.0,42838600000.0,49302.0,2023-01-20,2023-03-17,6165.2,6127.0,2310.35,-1.0
2022-12-26,6401.0,6539.13,6398.92,6518.19,6521.09,33311.0,49953.0,41734300000.0,49953.0,2023-01-20,2023-03-17,6285.2,6254.0,2340.05,-1.0
2022-12-27,6538.72,6573.98,6497.65,6571.08,6564.23,26878.0,46652.0,33896200000.0,46652.0,2023-01-20,2023-03-17,6336.2,6297.8,2373.77,-1.0
2022-12-28,6543.9,6552.62,6495.99,6526.69,6515.7,22558.0,45214.0,28375600000.0,45214.0,2023-01-20,2023-03-17,6293.4,6261.2,2361.23,-1.0
2022-12-29,6512.58,6569.62,6492.88,6501.59,6513.62,27458.0,46782.0,34567100000.0,46782.0,2023-01-20,2023-03-17,6269.2,6235.0,2356.41,-1.0
2022-12-30,6523.37,6537.68,6493.09,6518.81,6515.7,21902.0,44071.0,27526400000.0,44071.0,2023-01-20,2023-03-17,6285.8,6246.2,2380.66,-1.0
2023-01-03,6512.79,6681.63,6508.64,6657.98,6664.2,29613.0,46448.0,37708200000.0,46448.0,2023-01-20,2023-03-17,6420.0,6366.0,2377.13,1.0
2023-01-04,6657.98,6677.69,6611.31,6652.17,6643.05,22569.0,42870.0,28947000000.0,42870.0,2023-01-20,2023-03-17,6414.4,6359.0,2341.68,1.0
2023-01-05,6672.29,6734.73,6645.74,6730.99,6724.15,24379.0,42369.0,31515800000.0,42369.0,2023-01-20,2023-03-17,6490.4,6432.0,2316.14,1.0
2023-01-06,6727.67,6786.16,6718.34,6746.34,6739.08,23789.0,42744.0,30984000000.0,42744.0,2023-01-20,2023-03-17,6505.2,6451.0,2328.75,1.0
2023-01-09,6759.82,6814.58,6754.43,6759.82,6770.61,21905.0,41037.0,28652200000.0,41037.0,2023-01-20,2023-03-17,6518.2,6462.8,2326.33,1.0
2023-01-10,6768.95,6789.27,6730.78,6774.34,6777.24,17855.0,38530.0,23307700000.0,38530.0,2023-01-20,2023-03-17,6532.2,6477.2,2324.56,1.0
2023-01-11,6781.39,6805.66,6721.24,6735.14,6737.21,22001.0,38986.0,28696700000.0,38986.0,2023-01-20,2023-03-17,6494.4,6438.2,2345.66,1.0
2023-01-12,6740.95,6784.09,6713.78,6732.65,6741.15,24588.0,36807.0,31993500000.0,36807.0,2023-01-20,2023-03-17,6492.0,6450.4,2353.79,1.0
2023-01-13,6751.11,6794.67,6721.45,6784.92,6757.75,24189.0,33813.0,31456000000.0,33813.0,2023-01-20,2023-03-17,6542.4,6511.0,2379.69,1.0
2023-01-16,6782.43,6905.63,6782.22,6841.96,6846.52,31794.0,31869.0,42039900000.0,31869.0,2023-01-20,2023-03-17,6597.4,6573.0,2360.93,1.0
2023-01-17,6850.88,6892.98,6836.98,6853.16,6855.23,19735.0,26573.0,26124400000.0,26573.0,2023-01-20,2023-03-17,6608.2,6596.6,2371.04,1.0
2023-01-18,6866.23,6900.45,6856.48,6866.64,6871.62,18132.0,20699.0,24038700000.0,20699.0,2023-01-20,2023-03-17,6621.2,6633.2,2403.96,1.0
2023-01-19,6852.74,6940.89,6831.59,6935.29,6927.21,16681.0,13167.0,22163800000.0,13167.0,2023-01-20,2023-03-17,6687.4,6715.0,2402.99,1.0
2023-01-20,6955.12,6997.86,6935.71,6997.86,6984.23,23193.0,37954.0,31325300000.0,37954.0,2023-02-17,2023-03-17,6777.6,6767.8,2434.3,1.0
2023-01-30,7104.83,7111.85,7011.7,7013.56,7021.2,27391.0,40518.0,37460200000.0,40518.0,2023-02-17,2023-03-17,6792.8,6792.2,2425.61,1.0
2023-01-31,7017.07,7070.55,6995.8,7039.58,7041.64,23191.0,39733.0,31638400000.0,39733.0,2023-02-17,2023-03-17,6818.0,6828.8,2404.63,1.0
2023-02-01,7053.0,7147.99,7043.91,7147.58,7134.57,26743.0,41219.0,36765400000.0,41219.0,2023-02-17,2023-03-17,6922.6,6924.0,2413.49,1.0
2023-02-02,7157.9,7210.35,7136.42,7153.15,7158.73,28541.0,39990.0,39648700000.0,39990.0,2023-02-17,2023-03-17,6928.0,6930.0,2375.16,1.0
2023-02-03,7134.57,7158.31,7046.8,7144.89,7138.7,34786.0,41115.0,47917600000.0,41115.0,2023-02-17,2023-03-17,6920.0,6911.6,2379.16,1.0
2023-02-06,7116.19,7149.64,7062.5,7117.63,7106.69,30107.0,39194.0,41426800000.0,39194.0,2023-02-17,2023-03-17,6893.6,6889.2,2356.32,1.0
2023-02-07,7131.88,7140.76,7063.12,7137.46,7118.87,31160.0,40065.0,42898200000.0,40065.0,2023-02-17,2023-03-17,6912.8,6899.2,2353.15,1.0
2023-02-08,7130.23,7151.09,7075.71,7088.93,7093.27,26376.0,37234.0,36320500000.0,37234.0,2023-02-17,2023-03-17,6865.8,6850.0,2370.08,1.0
2023-02-09,7063.32,7251.24,7060.64,7248.97,7236.58,35972.0,41161.0,49950500000.0,41161.0,2023-02-17,2023-03-17,7020.8,7018.6,2376.39,1.0
2023-02-10,7237.61,7252.06,7135.6,7204.36,7195.07,34437.0,37468.0,48014600000.0,37468.0,2023-02-17,2023-03-17,6977.6,6969.2,2362.57,1.0
2023-02-13,7194.86,7273.95,7186.4,7268.38,7260.94,26143.0,33371.0,36703400000.0,33371.0,2023-02-17,2023-03-17,7039.6,7022.4,2344.56,1.0
2023-02-14,7279.74,7294.6,7244.01,7284.9,7271.89,19802.0,28634.0,27882500000.0,28634.0,2023-02-17,2023-03-17,7055.6,7037.8,2363.61,1.0
2023-02-15,7280.56,7301.62,7253.92,7278.91,7275.19,20524.0,23486.0,28936600000.0,23486.0,2023-02-17,2023-03-17,7049.8,7030.4,2356.17,1.0
2023-02-16,7288.64,7327.98,7106.83,7153.43,7178.48,49836.0,75848.0,69710100000.0,75848.0,2023-03-17,2023-02-17,6909.2,6929.4,2381.06,1.0
2023-02-17,7172.89,7185.94,7083.85,7091.93,7114.7,47096.0,79401.0,64893000000.0,79401.0,2023-03-17,2023-06-16,6849.8,6759.4,2382.75,0.0
2023-02-20,7113.88,7173.72,7036.22,7166.68,7158.81,45771.0,74754.0,62823600000.0,74754.0,2023-03-17,2023-06-16,6922.0,6813.0,2392.77,0.0
2023-02-21,7170.2,7235.42,7133.55,7180.34,7172.89,37792.0,73671.0,52470400000.0,73671.0,2023-03-17,2023-06-16,6935.2,6834.8,2411.72,0.0
2023-02-22,7160.47,7236.87,7155.08,7214.3,7204.99,32043.0,71937.0,44566600000.0,71937.0,2023-03-17,2023-06-16,6968.0,6855.8,2406.35,0.0
2023-02-23,7214.3,7234.18,7127.13,7190.28,7168.33,34847.0,72185.0,48366500000.0,72185.0,2023-03-17,2023-06-16,6944.8,6837.2,2398.89,0.0
2023-02-24,7192.56,7212.65,7115.53,7173.51,7163.16,31201.0,69442.0,43173300000.0,69442.0,2023-03-17,2023-06-16,6928.6,6822.4,2410.7,0.0
2023-02-27,7147.21,7167.3,7072.25,7122.36,7107.66,34001.0,70262.0,46787700000.0,70262.0,2023-03-17,2023-06-16,6879.2,6767.2,2382.25,0.0
2023-02-28,7142.86,7199.81,7089.65,7182.62,7166.06,35963.0,69823.0,49666500000.0,69823.0,2023-03-17,2023-06-16,6937.4,6830.0,2384.69,0.0
2023-03-01,7172.27,7231.08,7156.74,7227.35,7221.97,35047.0,66106.0,48744900000.0,66106.0,2023-03-17,2023-06-16,6980.6,6877.6,2410.13,0.0
2023-03-02,7224.66,7261.52,7186.97,7207.68,7200.84,30230.0,64064.0,42123800000.0,64064.0,2023-03-17,2023-06-16,6961.6,6859.6,2407.3,0.0
2023-03-03,7201.05,7239.98,7143.28,7187.38,7187.59,33740.0,64259.0,46835600000.0,64259.0,2023-03-17,2023-06-16,6942.0,6841.6,2420.68,0.0
2023-03-06,7194.63,7237.91,7146.18,7202.29,7208.09,31889.0,62252.0,44292100000.0,62252.0,2023-03-17,2023-06-16,6956.4,6848.8,2406.35,0.0
2023-03-07,7196.5,7209.54,7086.75,7088.82,7110.77,43995.0,67075.0,60770800000.0,67075.0,2023-03-17,2023-06-16,6846.8,6746.2,2420.2,0.0
2023-03-08,7069.35,7133.13,7062.94,7113.88,7108.49,31970.0,61834.0,43876200000.0,61834.0,2023-03-17,2023-06-16,6871.0,6766.0,2395.92,0.0
2023-03-09,7119.05,7131.68,7074.53,7121.74,7121.12,32424.0,61128.0,44538300000.0,61128.0,2023-03-17,2023-06-16,6878.6,6771.2,2394.07,0.0
2023-03-10,7082.61,7106.42,7027.53,7038.71,7046.37,38784.0,59243.0,52924700000.0,59243.0,2023-03-17,2023-06-16,6798.4,6696.8,2372.86,-1.0
2023-03-13,7032.08,7079.71,6982.8,7074.12,7056.52,37275.0,53070.0,50636900000.0,53070.0,2023-03-17,2023-06-16,6832.6,6726.8,2391.86,-1.0
2023-03-14,7061.69,7072.05,6933.1,7015.31,7013.24,43522.0,47626.0,58889700000.0,47626.0,2023-03-17,2023-06-16,6775.8,6673.8,2364.53,-1.0
2023-03-15,7040.37,7097.1,7026.7,7047.82,7042.02,37688.0,32853.0,51436100000.0,32853.0,2023-03-17,2023-06-16,6807.2,6712.0,2357.94,-1.0
2023-03-16,7016.55,7031.88,6921.71,6943.04,6944.29,31718.0,21210.0,42791000000.0,21210.0,2023-03-17,2023-06-16,6706.0,6618.2,2299.72,-1.0
2023-03-17,6980.47,7053.86,6960.3,6991.9,6987.95,39453.0,49839.0,53192400000.0,49839.0,2023-04-21,2023-06-16,6726.0,6663.6,2321.05,-1.0
2023-03-20,7022.05,7029.74,6951.36,6985.46,6983.58,31841.0,49582.0,42843300000.0,49582.0,2023-04-21,2023-06-16,6719.8,6655.0,2291.51,-1.0
2023-03-21,7006.45,7076.93,6997.1,7059.89,7059.26,30156.0,47082.0,40869000000.0,47082.0,2023-04-21,2023-06-16,6791.4,6727.0,2294.91,-1.0
2023-03-22,7080.26,7112.28,7069.45,7095.44,7094.81,22846.0,44365.0,31187300000.0,44365.0,2023-04-21,2023-06-16,6825.6,6761.4,2300.35,-1.0
2023-03-23,7085.46,7123.51,7077.97,7121.22,7114.57,23663.0,45485.0,32325100000.0,45485.0,2023-04-21,2023-06-16,6850.4,6782.6,2287.48,1.0
2023-03-24,7125.79,7141.59,7100.01,7128.08,7121.63,21217.0,43286.0,29069100000.0,43286.0,2023-04-21,2023-06-16,6857.0,6790.8,2315.17,1.0
2023-03-27,7128.08,7156.98,7085.25,7131.2,7134.32,27156.0,44995.0,37245300000.0,44995.0,2023-04-21,2023-06-16,6860.0,6797.4,2307.66,1.0
2023-03-28,7119.76,7133.07,7078.18,7097.31,7092.32,26878.0,44055.0,36741000000.0,44055.0,2023-04-21,2023-06-16,6827.4,6770.0,2322.31,1.0
2023-03-29,7119.76,7120.8,7055.1,7075.06,7072.36,25258.0,44161.0,34403900000.0,44161.0,2023-04-21,2023-06-16,6806.0,6750.8,2332.41,1.0
2023-03-30,7074.02,7091.28,7024.75,7091.28,7077.77,30540.0,47259.0,41478800000.0,47259.0,2023-04-21,2023-06-16,6821.6,6767.2,2340.76,1.0
2023-03-31,7093.98,7146.79,7082.55,7145.54,7137.44,25374.0,43321.0,34761000000.0,43321.0,2023-04-21,2023-06-16,6873.8,6818.8,2346.96,1.0
2023-04-03,7157.19,7234.94,7151.99,7214.36,7219.14,27944.0,44490.0,38662200000.0,44490.0,2023-04-21,2023-06-16,6940.0,6878.2,2359.07,1.0
2023-04-04,7221.01,7229.75,7180.68,7224.96,7209.58,24433.0,41324.0,33876400000.0,41324.0,2023-04-21,2023-06-16,6950.2,6891.8,2359.36,1.0
2023-04-06,7193.57,7242.43,7191.49,7234.53,7229.33,23912.0,40626.0,33232300000.0,40626.0,2023-04-21,2023-06-16,6959.4,6895.2,2347.13,1.0
2023-04-07,7248.67,7311.87,7236.61,7303.97,7302.93,24909.0,38856.0,34898300000.0,38856.0,2023-04-21,2023-06-16,7026.2,6959.8,2362.93,1.0
2023-04-10,7316.24,7326.21,7228.08,7246.59,7243.47,28753.0,41153.0,40222800000.0,41153.0,2023-04-21,2023-06-16,6971.0,6919.0,2337.66,1.0
2023-04-11,7257.4,7267.17,7220.6,7248.04,7242.43,24815.0,38736.0,34571200000.0,38736.0,2023-04-21,2023-06-16,6972.4,6912.4,2352.69,1.0
2023-04-12,7254.9,7289.21,7245.75,7279.02,7277.98,23347.0,36965.0,32655200000.0,36965.0,2023-04-21,2023-06-16,7002.2,6942.0,2346.43,1.0
2023-04-13,7271.54,7288.38,7234.11,7242.43,7245.96,28815.0,38799.0,40238100000.0,38799.0,2023-04-21,2023-06-16,6967.0,6913.0,2340.23,1.0
2023-04-14,7254.07,7293.16,7225.8,7281.1,7282.14,31369.0,37197.0,43863700000.0,37197.0,2023-04-21,2023-06-16,7004.2,6946.8,2350.51,1.0
2023-04-17,7276.32,7299.39,7261.14,7286.71,7282.35,27294.0,32914.0,38227700000.0,32914.0,2023-04-21,2023-06-16,7009.6,6955.2,2367.67,1.0
2023-04-18,7271.54,7283.18,7230.37,7256.15,7261.97,28580.0,29928.0,39903800000.0,29928.0,2023-04-21,2023-06-16,6980.2,6925.0,2371.71,1.0
2023-04-19,7249.29,7279.02,7220.39,7230.16,7233.28,23503.0,22714.0,32802900000.0,22714.0,2023-04-21,2023-06-16,6955.2,6897.0,2364.83,1.0
2023-04-20,7224.55,7238.27,7189.0,7230.79,7222.26,20732.0,14165.0,28765500000.0,14165.0,2023-04-21,2023-06-16,6955.8,6899.0,2341.42,1.0
2023-04-21,7220.35,7228.49,7056.51,7065.07,7074.04,36357.0,47742.0,49734500000.0,47742.0,2023-05-19,2023-06-16,6770.2,6732.2,2301.46,-1.0
2023-04-24,7067.78,7070.5,6981.58,7014.98,7000.79,33322.0,45278.0,44854300000.0,45278.0,2023-05-19,2023-06-16,6722.2,6687.4,2277.85,-1.0
2023-04-25,6997.03,7008.72,6807.52,6899.98,6883.91,43556.0,55371.0,57675200000.0,55371.0,2023-05-19,2023-06-16,6612.0,6592.8,2284.69,-1.0
2023-04-26,6883.91,6955.29,6876.81,6917.72,6921.48,38586.0,51289.0,51188200000.0,51289.0,2023-05-19,2023-06-16,6629.0,6607.8,2276.58,-1.0
2023-04-27,6888.71,6980.54,6888.71,6937.13,6934.62,35246.0,53182.0,46826500000.0,53182.0,2023-05-19,2023-06-16,6647.6,6628.2,2243.18,-1.0
2023-04-28,6939.63,7036.68,6937.13,7031.88,7016.02,30060.0,48065.0,40284300000.0,48065.0,2023-05-19,2023-06-16,6738.4,6718.8,2250.58,-1.0
2023-05-04,7015.81,7041.07,6980.33,7018.11,7014.98,20870.0,45667.0,28042800000.0,45667.0,2023-05-19,2023-06-16,6725.2,6702.0,2222.4,-1.0
2023-05-05,7015.4,7017.48,6895.6,6939.63,6934.83,30332.0,47530.0,40334100000.0,47530.0,2023-05-19,2023-06-16,6650.0,6628.6,2226.38,-1.0
2023-05-08,6950.07,7013.31,6946.94,6979.08,6986.59,27149.0,44055.0,36295700000.0,44055.0,2023-05-19,2023-06-16,6687.8,6662.0,2268.72,-1.0
2023-05-09,6979.08,6995.15,6899.56,6901.65,6914.38,31285.0,46862.0,41677300000.0,46862.0,2023-05-19,2023-06-16,6613.6,6592.8,2246.38,-1.0
2023-05-10,6901.86,6947.98,6867.42,6912.92,6901.44,32100.0,45489.0,42479700000.0,45489.0,2023-05-19,2023-06-16,6624.4,6603.6,2250.21,-1.0
2023-05-11,6920.22,6944.85,6899.98,6903.74,6908.54,21391.0,41262.0,28362000000.0,41262.0,2023-05-19,2023-06-16,6615.6,6595.8,2209.13,-1.0
2023-05-12,6892.26,6928.99,6813.16,6823.38,6831.1,29289.0,42155.0,38525000000.0,42155.0,2023-05-19,2023-06-16,6538.6,6520.0,2183.53,-1.0
2023-05-15,6827.14,6872.85,6750.96,6863.66,6851.98,33402.0,36453.0,43606000000.0,36453.0,2023-05-19,2023-06-16,6577.2,6557.2,2210.45,-1.0
2023-05-16,6873.89,6873.89,6779.97,6803.14,6796.88,27729.0,31028.0,36238900000.0,31028.0,2023-05-19,2023-06-16,6519.2,6499.6,2202.47,-1.0
2023-05-17,6788.32,6851.98,6788.32,6829.85,6829.02,25640.0,24501.0,33523400000.0,24501.0,2023-05-19,2023-06-16,6544.8,6521.0,2216.76,-1.0
2023-05-18,6850.93,6879.73,6833.4,6865.12,6859.07,20494.0,15111.0,26942700000.0,15111.0,2023-05-19,2023-06-16,6578.6,6551.8,2228.78,-1.0
2023-05-19,6859.05,6924.22,6827.61,6905.78,6901.59,40367.0,94122.0,53033200000.0,94122.0,2023-06-16,2023-09-15,6590.6,6538.4,2218.23,-1.0
2023-05-22,6900.12,6915.21,6844.17,6892.79,6885.87,34161.0,89487.0,44876000000.0,89487.0,2023-06-16,2023-09-15,6578.2,6527.0,2177.74,-1.0
2023-05-23,6894.67,6908.71,6822.58,6824.47,6842.7,35048.0,91477.0,45948600000.0,91477.0,2023-06-16,2023-09-15,6513.0,6469.4,2174.67,-1.0
2023-05-24,6813.99,6870.36,6776.27,6807.7,6827.4,39161.0,90114.0,50998000000.0,90114.0,2023-06-16,2023-09-15,6497.0,6450.4,2157.67,-1.0
2023-05-25,6805.61,6852.55,6709.63,6786.54,6760.34,43785.0,93782.0,56645500000.0,93782.0,2023-06-16,2023-09-15,6476.8,6431.0,2148.12,-1.0
2023-05-26,6779.41,6866.17,6738.55,6848.36,6848.78,39756.0,87621.0,51645300000.0,87621.0,2023-06-16,2023-09-15,6535.8,6481.8,2167.0,-1.0
2023-05-29,6866.38,6892.58,6805.19,6837.46,6832.01,31583.0,86931.0,41276000000.0,86931.0,2023-06-16,2023-09-15,6525.4,6475.0,2178.18,-1.0
2023-05-30,6831.8,6881.68,6762.86,6871.62,6858.42,40319.0,88984.0,52492000000.0,88984.0,2023-06-16,2023-09-15,6558.0,6507.8,2159.02,-1.0
2023-05-31,6863.24,6887.97,6816.09,6860.09,6859.47,34785.0,85351.0,45501100000.0,85351.0,2023-06-16,2023-09-15,6547.0,6494.8,2134.04,-1.0
2023-06-01,6842.28,6925.27,6821.74,6881.68,6880.63,35493.0,86226.0,46645700000.0,86226.0,2023-06-16,2023-09-15,6567.6,6519.4,2173.35,-1.0
2023-06-02,6903.89,6952.3,6895.51,6928.62,6933.23,31483.0,81837.0,41636400000.0,81837.0,2023-06-16,2023-09-15,6612.4,6558.4,2200.04,1.0
2023-06-05,6937.0,6948.95,6911.02,6927.99,6931.98,24732.0,79250.0,32711400000.0,79250.0,2023-06-16,2023-09-15,6611.8,6557.6,2205.53,1.0
2023-06-06,6921.92,6921.92,6759.5,6777.11,6796.18,43241.0,79589.0,56552200000.0,79589.0,2023-06-16,2023-09-15,6467.8,6416.4,2207.62,1.0
2023-06-07,6789.68,6823.42,6765.37,6780.25,6778.78,31666.0,72035.0,41049900000.0,72035.0,2023-06-16,2023-09-15,6470.8,6418.0,2206.06,1.0
2023-06-08,6780.04,6780.46,6695.17,6746.3,6740.01,39186.0,74478.0,50403700000.0,74478.0,2023-06-16,2023-09-15,6438.4,6387.4,2223.19,1.0
2023-06-09,6758.25,6804.56,6724.93,6794.08,6791.36,36363.0,67406.0,46952300000.0,67406.0,2023-06-16,2023-09-15,6484.0,6425.0,2246.04,0.0
2023-06-12,6789.89,6853.6,6781.72,6824.68,6836.2,37962.0,61749.0,49463900000.0,61749.0,2023-06-16,2023-09-15,6513.2,6456.2,2214.51,0.0
2023-06-13,6813.99,6866.17,6813.99,6852.76,6855.06,30729.0,49924.0,40176800000.0,49924.0,2023-06-16,2023-09-15,6540.0,6484.6,2236.55,0.0
2023-06-14,6858.42,6896.35,6847.73,6880.63,6882.31,35752.0,39532.0,46890700000.0,39532.0,2023-06-16,2023-09-15,6566.6,6507.0,2265.85,0.0
2023-06-15,6894.25,6941.2,6873.93,6923.17,6924.64,30058.0,22764.0,39622300000.0,22764.0,2023-06-16,2023-09-15,6607.2,6553.0,2267.65,0.0
2023-06-16,6922.96,6998.45,6919.18,6973.22,6978.69,31612.0,56536.0,41894600000.0,56536.0,2023-07-21,2023-09-15,6632.6,6597.6,2304.1,1.0
2023-06-19,6979.95,7007.91,6975.74,6989.2,6995.51,24948.0,53244.0,33195600000.0,53244.0,2023-07-21,2023-09-15,6647.8,6602.8,2290.07,1.0
2023-06-20,6979.74,7022.0,6974.06,6993.82,7002.03,23929.0,53015.0,31849900000.0,53015.0,2023-07-21,2023-09-15,6652.2,6608.0,2298.53,1.0
2023-06-21,6978.48,6986.25,6859.88,6860.3,6881.54,39072.0,59666.0,51393100000.0,59666.0,2023-07-21,2023-09-15,6525.2,6489.0,2293.24,1.0
2023-06-26,6832.76,6853.99,6730.78,6757.27,6749.49,44330.0,65924.0,57231900000.0,65924.0,2023-07-21,2023-09-15,6427.2,6399.6,2270.71,1.0
2023-06-27,6764.42,6838.85,6752.64,6811.1,6816.99,34201.0,61890.0,44245300000.0,61890.0,2023-07-21,2023-09-15,6478.4,6440.0,2288.22,0.0
2023-06-28,6811.1,6811.1,6686.62,6794.91,6786.29,44033.0,66545.0,56520200000.0,66545.0,2023-07-21,2023-09-15,6463.0,6430.6,2281.11,0.0
2023-06-29,6784.39,6844.53,6778.09,6825.19,6831.07,30886.0,59435.0,40037300000.0,59435.0,2023-07-21,2023-09-15,6491.8,6455.4,2285.75,0.0
2023-06-30,6814.67,6934.74,6814.67,6912.66,6912.45,30629.0,58677.0,40148100000.0,58677.0,2023-07-21,2023-09-15,6575.0,6537.8,2297.63,0.0
2023-07-03,6937.89,6966.28,6893.53,6921.7,6924.86,28321.0,55416.0,37335900000.0,55416.0,2023-07-21,2023-09-15,6583.6,6546.2,2326.16,0.0
2023-07-04,6919.6,6953.66,6917.92,6953.03,6945.04,19966.0,53072.0,26357200000.0,53072.0,2023-07-21,2023-09-15,6613.4,6572.8,2319.06,0.0
2023-07-05,6949.04,6955.77,6889.32,6903.41,6905.09,25538.0,54070.0,33644200000.0,54070.0,2023-07-21,2023-09-15,6566.2,6528.6,2318.71,0.0
2023-07-06,6893.74,6946.09,6867.45,6871.24,6877.54,28834.0,53982.0,37855600000.0,53982.0,2023-07-21,2023-09-15,6535.6,6498.8,2339.09,0.0
2023-07-07,6867.03,6874.6,6800.38,6847.48,6844.95,34158.0,57063.0,44430000000.0,57063.0,2023-07-21,2023-09-15,6513.0,6477.8,2322.04,0.0
2023-07-10,6873.76,6888.27,6822.45,6855.26,6845.37,25605.0,52112.0,33391900000.0,52112.0,2023-07-21,2023-09-15,6520.4,6481.6,2324.27,0.0
2023-07-11,6863.46,6917.92,6842.64,6908.45,6905.51,26892.0,52706.0,35213200000.0,52706.0,2023-07-21,2023-09-15,6571.0,6535.2,2348.66,0.0
2023-07-12,6912.03,6915.81,6810.47,6816.78,6826.24,30497.0,53020.0,39812100000.0,53020.0,2023-07-21,2023-09-15,6483.8,6454.0,2367.31,0.0
2023-07-13,6835.07,6898.15,6835.07,6885.96,6885.32,33558.0,53198.0,43861600000.0,53198.0,2023-07-21,2023-09-15,6549.6,6520.8,2379.98,0.0
2023-07-14,6898.99,6909.09,6874.81,6876.91,6885.75,23532.0,46673.0,30852600000.0,46673.0,2023-07-21,2023-09-15,6541.0,6511.0,2400.11,0.0
2023-07-17,6856.1,6865.14,6806.47,6849.37,6838.01,27095.0,44688.0,35212400000.0,44688.0,2023-07-21,2023-09-15,6514.8,6479.2,2367.07,0.0
2023-07-18,6853.78,6873.97,6815.09,6849.58,6851.47,28836.0,38688.0,37534500000.0,38688.0,2023-07-21,2023-09-15,6515.0,6483.8,2387.16,0.0
2023-07-19,6844.53,6868.08,6795.96,6834.86,6824.35,27906.0,29637.0,36256100000.0,29637.0,2023-07-21,2023-09-15,6501.0,6469.0,2401.82,0.0
2023-07-20,6875.23,6875.23,6738.14,6745.7,6764.0,28236.0,21117.0,36592000000.0,21117.0,2023-07-21,2023-09-15,6416.2,6396.4,2422.22,-1.0
2023-07-21,6739.6,6794.13,6719.18,6744.44,6745.49,37502.0,56714.0,48126200000.0,56714.0,2023-08-18,2023-09-15,6407.0,6398.0,2421.18,-1.0
2023-07-24,6730.76,6784.86,6713.7,6730.34,6734.13,24661.0,54618.0,31623100000.0,54618.0,2023-08-18,2023-09-15,6393.6,6385.0,2407.8,-1.0
2023-07-25,6818.13,6856.02,6794.97,6839.81,6838.55,33597.0,56956.0,43589800000.0,56956.0,2023-08-18,2023-09-15,6497.6,6488.8,2438.56,-1.0
2023-07-26,6836.87,6837.92,6786.34,6809.08,6800.65,23883.0,54432.0,30905300000.0,54432.0,2023-08-18,2023-09-15,6468.4,6462.8,2459.4,-1.0
2023-07-27,6810.97,6830.76,6740.86,6759.18,6753.92,25942.0,56731.0,33453100000.0,56731.0,2023-08-18,2023-09-15,6421.0,6416.0,2451.43,-1.0
2023-07-28,6734.55,6833.08,6716.02,6814.55,6816.87,36381.0,59569.0,46864100000.0,59569.0,2023-08-18,2023-09-15,6473.6,6466.0,2447.58,-1.0
2023-07-31,6837.08,6922.34,6828.23,6868.24,6861.92,36386.0,59432.0,47548300000.0,59432.0,2023-08-18,2023-09-15,6524.6,6514.4,2446.8,-1.0
2023-08-01,6861.92,6884.03,6839.39,6851.81,6851.81,25933.0,56027.0,33802700000.0,56027.0,2023-08-18,2023-09-15,6509.0,6502.8,2472.67,-1.0
2023-08-02,6844.02,6866.34,6810.76,6837.92,6827.6,27477.0,55525.0,35690200000.0,55525.0,2023-08-18,2023-09-15,6495.8,6490.8,2467.22,-1.0
2023-08-03,6817.5,6842.34,6797.5,6837.71,6830.55,26270.0,53865.0,34059400000.0,53865.0,2023-08-18,2023-09-15,6495.6,6490.4,2410.78,-1.0
2023-08-04,6864.02,6922.34,6846.34,6878.76,6885.71,36472.0,57118.0,47726500000.0,57118.0,2023-08-18,2023-09-15,6534.6,6531.0,2431.76,-1.0
2023-08-07,6868.87,6893.92,6843.39,6858.76,6852.23,25260.0,52722.0,32929800000.0,52722.0,2023-08-18,2023-09-15,6515.6,6515.0,2425.23,-1.0
2023-08-08,6844.87,6857.29,6796.23,6826.34,6823.39,28508.0,53525.0,36960000000.0,53525.0,2023-08-18,2023-09-15,6484.8,6487.4,2408.16,-1.0
2023-08-09,6797.08,6821.29,6761.71,6772.02,6772.23,24391.0,50170.0,31472900000.0,50170.0,2023-08-18,2023-09-15,6433.2,6442.0,2426.52,-1.0
2023-08-10,6761.28,6793.71,6734.34,6762.97,6764.23,25321.0,50230.0,32556700000.0,50230.0,2023-08-18,2023-09-15,6424.6,6429.2,2422.46,-1.0
2023-08-11,6770.55,6774.76,6633.49,6636.02,6652.02,32185.0,50054.0,40958800000.0,50054.0,2023-08-18,2023-09-15,6304.0,6310.0,2433.66,-1.0
2023-08-14,6574.96,6663.18,6540.01,6656.23,6642.54,36541.0,47593.0,45814500000.0,47593.0,2023-08-18,2023-09-15,6323.2,6326.2,2415.31,-1.0
2023-08-15,6669.7,6670.12,6531.59,6598.33,6584.44,35306.0,40790.0,44222500000.0,40790.0,2023-08-18,2023-09-15,6268.2,6270.2,2446.84,-1.0
2023-08-16,6573.91,6593.28,6514.54,6514.54,6531.17,28738.0,31415.0,35798300000.0,31415.0,2023-08-18,2023-09-15,6188.6,6200.0,2426.12,-1.0
2023-08-17,6506.54,6603.38,6453.69,6572.65,6572.23,28075.0,20815.0,34845200000.0,20815.0,2023-08-18,2023-09-15,6243.8,6257.6,2451.57,-1.0
2023-08-18,6574.12,6596.8,6431.48,6435.89,6460.89,51556.0,114590.0,63953200000.0,114590.0,2023-09-15,2023-12-15,6127.4,6124.0,2458.51,-1.0
2023-08-21,6427.49,6480.22,6207.97,6358.59,6380.01,49495.0,115780.0,60599800000.0,115780.0,2023-09-15,2023-12-15,6053.8,6050.0,2491.38,-1.0
2023-08-22,6400.6,6416.35,6273.72,6390.31,6376.23,56411.0,117360.0,68321800000.0,117360.0,2023-09-15,2023-12-15,6084.0,6074.0,2502.22,-1.0
2023-08-23,6376.86,6380.85,6255.44,6275.61,6286.53,46053.0,114016.0,55401500000.0,114016.0,2023-09-15,2023-12-15,5974.8,5966.0,2506.98,-1.0
2023-08-24,6305.44,6356.27,6247.46,6278.55,6294.72,48013.0,114480.0,57572100000.0,114480.0,2023-09-15,2023-12-15,5977.6,5963.0,2501.66,-1.0
2023-08-25,6249.56,6287.58,6145.58,6177.93,6174.35,60560.0,118272.0,71719400000.0,118272.0,2023-09-15,2023-12-15,5881.8,5875.4,2526.93,-1.0
2023-08-28,6543.66,6543.66,6184.65,6205.02,6219.31,74218.0,114864.0,89728900000.0,114864.0,2023-09-15,2023-12-15,5907.6,5889.0,2514.1,-1.0
2023-08-29,6205.45,6453.12,6202.08,6406.27,6409.21,76913.0,116174.0,93114900000.0,116174.0,2023-09-15,2023-12-15,6099.2,6092.0,2506.62,-1.0
2023-08-30,6429.17,6515.93,6410.26,6436.73,6448.71,59262.0,108927.0,72891800000.0,108927.0,2023-09-15,2023-12-15,6128.2,6120.0,2542.85,-1.0
2023-08-31,6432.74,6447.87,6387.79,6418.25,6413.62,44355.0,105451.0,54177700000.0,105451.0,2023-09-15,2023-12-15,6110.6,6102.0,2551.16,-1.0
2023-09-01,6431.69,6458.37,6388.0,6410.26,6404.59,37772.0,101705.0,46147400000.0,101705.0,2023-09-15,2023-12-15,6103.0,6095.0,2587.72,-1.0
2023-09-04,6438.62,6510.05,6407.32,6510.05,6491.77,49221.0,102622.0,60567300000.0,102622.0,2023-09-15,2023-12-15,6198.0,6186.8,2576.88,-1.0
2023-09-05,6501.64,6521.39,6452.28,6472.44,6464.46,37506.0,93238.0,46277900000.0,93238.0,2023-09-15,2023-12-15,6162.2,6147.0,2582.68,-1.0
2023-09-06,6454.38,6519.5,6403.33,6489.88,6498.49,40919.0,93733.0,50390200000.0,93733.0,2023-09-15,2023-12-15,6178.8,6166.0,2600.19,-1.0
2023-09-07,6470.13,6481.48,6373.5,6383.16,6389.26,49425.0,90160.0,60448200000.0,90160.0,2023-09-15,2023-12-15,6077.2,6059.8,2582.94,-1.0
2023-09-08,6355.01,6418.67,6355.01,6381.27,6398.71,41430.0,82315.0,50429100000.0,82315.0,2023-09-15,2023-12-15,6075.4,6057.2,2555.88,0.0
2023-09-11,6399.76,6510.26,6363.0,6475.38,6478.12,53983.0,78322.0,66310600000.0,78322.0,2023-09-15,2023-12-15,6165.0,6144.6,2579.61,0.0
2023-09-12,6475.38,6509.42,6463.2,6482.95,6486.1,38208.0,61161.0,47185200000.0,61161.0,2023-09-15,2023-12-15,6172.2,6155.0,2591.93,0.0
2023-09-13,6468.03,6475.8,6345.56,6400.81,6376.44,50989.0,48936.0,62163200000.0,48936.0,2023-09-15,2023-12-15,6094.0,6065.6,2586.22,0.0
2023-09-14,6399.76,6400.39,6334.85,6383.16,6364.89,38289.0,25838.0,46425600000.0,25838.0,2023-09-15,2023-12-15,6077.2,6041.0,2608.14,0.0
2023-09-15,6391.59,6437.1,6343.13,6392.22,6368.2,46550.0,70532.0,56405700000.0,70532.0,2023-10-20,2023-12-15,6067.4,6043.8,2625.6,0.0
2023-09-18,6363.36,6433.94,6341.44,6409.29,6415.19,45674.0,72555.0,55473500000.0,72555.0,2023-10-20,2023-12-15,6083.6,6060.0,2619.33,0.0
2023-09-19,6403.6,6405.08,6331.75,6362.51,6354.93,37431.0,72024.0,45152200000.0,72024.0,2023-10-20,2023-12-15,6039.2,6021.6,2603.53,0.0
2023-09-20,6342.29,6367.36,6305.41,6307.73,6311.52,29923.0,71440.0,35992100000.0,71440.0,2023-10-20,2023-12-15,5987.2,5974.0,2607.92,-1.0
2023-09-21,6289.61,6327.75,6245.78,6259.9,6264.75,38129.0,75442.0,45456300000.0,75442.0,2023-10-20,2023-12-15,5941.8,5927.2,2567.34,-1.0
2023-09-22,6259.69,6392.86,6242.41,6389.7,6376.21,52998.0,76350.0,63606300000.0,76350.0,2023-10-20,2023-12-15,6065.0,6056.0,2592.98,-1.0
2023-09-25,6379.37,6394.96,6331.54,6354.3,6349.24,34272.0,68659.0,41332700000.0,68659.0,2023-10-20,2023-12-15,6031.4,6018.2,2570.02,-1.0
2023-09-26,6343.97,6361.46,6322.06,6328.8,6332.59,27754.0,67998.0,33401900000.0,67998.0,2023-10-20,2023-12-15,6007.2,5997.0,2545.29,-1.0
2023-09-27,6326.48,6405.5,6318.9,6374.1,6383.8,38721.0,70607.0,46864800000.0,70607.0,2023-10-20,2023-12-15,6050.2,6034.4,2557.9,-1.0
2023-09-28,6388.01,6403.81,6368.62,6400.23,6394.96,31072.0,66737.0,37694000000.0,66737.0,2023-10-20,2023-12-15,6075.0,6054.0,2584.31,-1.0
2023-10-09,6400.23,6405.08,6339.13,6379.16,6382.53,36957.0,68420.0,44719900000.0,68420.0,2023-10-20,2023-12-15,6055.0,6032.4,2516.7,-1.0
2023-10-10,6399.39,6421.09,6351.14,6356.83,6360.62,29619.0,63047.0,35851500000.0,63047.0,2023-10-20,2023-12-15,6033.8,6015.0,2482.3,-1.0
2023-10-11,6384.22,6441.74,6348.61,6363.78,6365.25,39897.0,64663.0,48419700000.0,64663.0,2023-10-20,2023-12-15,6040.4,6021.2,2491.56,-1.0
2023-10-12,6403.39,6423.2,6376.0,6419.19,6415.82,33395.0,58148.0,40587000000.0,58148.0,2023-10-20,2023-12-15,6093.0,6071.0,2498.37,-1.0
2023-10-13,6393.91,6411.4,6382.74,6409.92,6401.92,24927.0,55661.0,30269400000.0,55661.0,2023-10-20,2023-12-15,6084.2,6061.0,2507.44,-1.0
2023-10-16,6416.24,6418.14,6315.95,6335.33,6332.59,36887.0,55778.0,44425800000.0,55778.0,2023-10-20,2023-12-15,6013.4,5991.0,2547.41,-1.0
2023-10-17,6342.5,6346.92,6280.13,6328.17,6315.95,35111.0,46652.0,42047700000.0,46652.0,2023-10-20,2023-12-15,6006.6,5981.4,2531.94,-1.0
2023-10-18,6310.68,6310.68,6209.54,6220.71,6225.13,37469.0,36893.0,44443900000.0,36893.0,2023-10-20,2023-12-15,5904.6,5874.4,2534.27,-1.0
2023-10-19,6199.22,6244.1,6150.12,6158.13,6173.09,33707.0,22835.0,39659200000.0,22835.0,2023-10-20,2023-12-15,5845.2,5815.0,2540.38,-1.0
2023-10-20,6147.14,6177.14,6064.55,6090.32,6081.66,45404.0,64725.0,52605600000.0,64725.0,2023-11-17,2023-12-15,5766.2,5748.0,2524.36,-1.0
2023-10-23,6074.69,6074.69,5884.36,5916.89,5918.79,48848.0,67632.0,55270300000.0,67632.0,2023-11-17,2023-12-15,5602.0,5585.0,2507.31,-1.0
2023-10-24,5938.65,6046.8,5902.95,5994.2,6010.26,52659.0,68042.0,59659900000.0,68042.0,2023-11-17,2023-12-15,5675.2,5660.8,2517.85,-1.0
2023-10-25,6046.8,6118.42,6046.8,6062.22,6073.0,35641.0,61564.0,41066400000.0,61564.0,2023-11-17,2023-12-15,5739.6,5721.2,2523.57,-1.0
2023-10-26,6041.95,6130.46,6022.51,6105.74,6098.98,42229.0,64865.0,48475200000.0,64865.0,2023-11-17,2023-12-15,5780.8,5762.0,2533.41,-1.0
2023-10-27,6086.1,6260.58,6071.31,6239.03,6245.79,50082.0,61876.0,58522300000.0,61876.0,2023-11-17,2023-12-15,5907.0,5892.6,2544.53,-1.0
2023-10-30,6233.75,6340.43,6228.26,6310.86,6322.69,38967.0,60803.0,46403400000.0,60803.0,2023-11-17,2023-12-15,5975.0,5957.0,2556.72,0.0
2023-10-31,6310.86,6326.28,6246.64,6279.17,6270.93,35985.0,59087.0,42795300000.0,59087.0,2023-11-17,2023-12-15,5945.0,5928.8,2533.81,0.0
2023-11-01,6284.45,6300.29,6245.16,6269.88,6267.13,31788.0,56954.0,37728000000.0,56954.0,2023-11-17,2023-12-15,5936.2,5920.2,2530.0,0.0
2023-11-02,6279.8,6305.15,6203.33,6207.77,6213.69,32331.0,58022.0,38208000000.0,58022.0,2023-11-17,2023-12-15,5877.4,5863.0,2541.98,0.0
2023-11-03,6218.97,6332.4,6218.97,6292.9,6302.83,44539.0,60138.0,53071800000.0,60138.0,2023-11-17,2023-12-15,5958.0,5945.2,2565.38,0.0
2023-11-06,6337.47,6442.67,6337.26,6427.88,6417.75,39128.0,56259.0,47408900000.0,56259.0,2023-11-17,2023-12-15,6085.8,6071.0,2563.91,1.0
2023-11-07,6427.67,6472.46,6398.1,6440.77,6450.28,32102.0,54924.0,39081200000.0,54924.0,2023-11-17,2023-12-15,6098.0,6082.4,2543.52,1.0
2023-11-08,6439.71,6483.86,6413.73,6454.08,6441.4,38629.0,55049.0,47182100000.0,55049.0,2023-11-17,2023-12-15,6110.6,6091.0,2547.27,1.0
2023-11-09,6445.0,6492.1,6396.2,6413.52,6411.62,38845.0,53937.0,47308400000.0,53937.0,2023-11-17,2023-12-15,6072.2,6053.0,2536.51,1.0
2023-11-10,6390.49,6421.12,6363.88,6406.97,6406.13,35815.0,48280.0,43349100000.0,48280.0,2023-11-17,2023-12-15,6066.0,6043.8,2555.29,1.0
2023-11-13,6430.63,6469.29,6403.17,6468.23,6454.5,35749.0,44284.0,43545400000.0,44284.0,2023-11-17,2023-12-15,6124.0,6092.2,2548.73,1.0
2023-11-14,6468.23,6526.53,6454.92,6511.96,6499.28,37346.0,39007.0,45940800000.0,39007.0,2023-11-17,2023-12-15,6165.4,6123.2,2561.94,1.0
2023-11-15,6559.07,6578.5,6517.87,6547.66,6541.53,30794.0,28855.0,38146000000.0,28855.0,2023-11-17,2023-12-15,6199.2,6153.4,2580.55,1.0
2023-11-16,6528.08,6539.57,6472.54,6478.92,6491.9,43848.0,122178.0,53626200000.0,122178.0,2023-12-15,2023-11-17,6088.8,6145.0,2578.8,1.0
2023-11-17,6469.34,6549.36,6460.83,6547.45,6539.78,48384.0,130747.0,59206700000.0,130747.0,2023-12-15,2024-03-15,6153.2,6075.4,2542.63,1.0
2023-11-20,6560.43,6616.4,6507.65,6611.93,6606.4,51325.0,130489.0,63360300000.0,130489.0,2023-12-15,2024-03-15,6213.8,6128.2,2564.37,1.0
2023-11-21,6623.85,6636.62,6545.32,6556.6,6564.05,47498.0,126866.0,58859100000.0,126866.0,2023-12-15,2024-03-15,6161.8,6084.0,2551.71,1.0
2023-11-22,6538.72,6591.92,6480.62,6483.39,6500.41,46938.0,128145.0,57678500000.0,128145.0,2023-12-15,2024-03-15,6093.0,6031.0,2561.36,1.0
2023-11-23,6480.41,6575.75,6455.94,6572.35,6564.9,56528.0,126506.0,69285900000.0,126506.0,2023-12-15,2024-03-15,6176.6,6110.4,2532.87,1.0
2023-11-24,6557.87,6560.64,6447.42,6470.62,6472.11,51088.0,123812.0,62296600000.0,123812.0,2023-12-15,2024-03-15,6081.0,6012.6,2549.15,1.0
2023-11-27,6463.38,6494.24,6421.03,6470.83,6461.68,48025.0,121213.0,58252800000.0,121213.0,2023-12-15,2024-03-15,6081.2,6004.8,2543.42,1.0
2023-11-28,6459.55,6505.95,6402.31,6487.86,6484.45,49335.0,120191.0,59928900000.0,120191.0,2023-12-15,2024-03-15,6097.2,6017.8,2531.85,1.0
2023-11-29,6484.24,6501.05,6440.83,6463.81,6457.85,38673.0,114482.0,47055900000.0,114482.0,2023-12-15,2024-03-15,6074.6,5994.6,2535.55,1.0
2023-11-30,6453.59,6464.02,6371.87,6422.74,6410.18,51825.0,118665.0,62517500000.0,118665.0,2023-12-15,2024-03-15,6036.0,5945.2,2556.96,1.0
2023-12-01,6422.74,6502.33,6395.71,6482.54,6480.41,55283.0,114392.0,66917800000.0,114392.0,2023-12-15,2024-03-15,6092.2,5997.6,2538.53,1.0
2023-12-04,6490.84,6501.27,6445.51,6446.78,6457.85,44645.0,108833.0,54318100000.0,108833.0,2023-12-15,2024-03-15,6058.6,5957.6,2514.49,1.0
2023-12-05,6437.85,6437.85,6326.12,6339.95,6356.55,50053.0,105484.0,60039800000.0,105484.0,2023-12-15,2024-03-15,5958.2,5835.8,2502.18,-1.0
2023-12-06,6318.46,6434.44,6310.58,6382.09,6382.94,52974.0,102545.0,63470700000.0,102545.0,2023-12-15,2024-03-15,5997.8,5871.8,2514.26,-1.0
2023-12-07,6368.47,6426.99,6326.97,6399.54,6409.33,59078.0,96530.0,70825800000.0,96530.0,2023-12-15,2024-03-15,6014.2,5921.6,2517.49,-1.0
2023-12-08,6411.25,6453.59,6380.17,6385.28,6394.01,51721.0,84179.0,62270700000.0,84179.0,2023-12-15,2024-03-15,6000.8,5907.4,2547.02,-1.0
2023-12-11,6355.7,6486.58,6315.48,6459.55,6459.55,60774.0,75330.0,72998900000.0,75330.0,2023-12-15,2024-03-15,6070.6,5975.4,2540.94,-1.0
2023-12-12,6458.92,6475.94,6435.93,6468.49,6467.43,45958.0,55716.0,55761500000.0,55716.0,2023-12-15,2024-03-15,6079.0,5985.0,2552.23,-1.0
2023-12-13,6450.62,6468.07,6398.69,6408.48,6419.54,39656.0,40034.0,48029300000.0,40034.0,2023-12-15,2024-03-15,6022.6,5920.2,2489.99,-1.0
2023-12-14,6428.27,6471.68,6374.85,6384.43,6389.33,35203.0,23013.0,42474200000.0,23013.0,2023-12-15,2024-03-15,6000.0,5899.0,2502.02,-1.0
2023-12-15,6410.16,6426.02,6299.1,6327.62,6321.4,49446.0,81211.0,58709600000.0,81211.0,2024-01-19,2024-03-15,5903.0,5845.0,2514.32,-1.0
2023-12-18,6314.75,6331.26,6225.14,6251.08,6243.79,41552.0,77772.0,48689600000.0,77772.0,2024-01-19,2024-03-15,5831.6,5776.2,2520.76,-1.0
2023-12-19,6245.08,6290.1,6217.64,6257.94,6242.08,42896.0,80418.0,50008100000.0,80418.0,2024-01-19,2024-03-15,5838.0,5789.0,2517.26,-1.0
2023-12-20,6266.52,6282.38,6153.96,6158.25,6165.33,41766.0,78823.0,48355500000.0,78823.0,2024-01-19,2024-03-15,5745.0,5699.6,2534.59,-1.0
2023-12-21,6133.17,6216.35,6072.71,6185.27,6188.48,57907.0,85262.0,66452200000.0,85262.0,2024-01-19,2024-03-15,5770.2,5723.6,2550.83,-1.0
2023-12-22,6170.26,6214.64,6106.8,6134.46,6127.6,56485.0,83263.0,64843200000.0,83263.0,2024-01-19,2024-03-15,5722.8,5677.2,2563.48,-1.0
2023-12-25,6137.03,6168.97,6091.15,6128.88,6123.95,37888.0,81248.0,43308200000.0,81248.0,2024-01-19,2024-03-15,5717.6,5662.6,2546.49,-1.0
2023-12-26,6122.24,6122.24,6023.83,6042.06,6046.56,41911.0,84435.0,47385000000.0,84435.0,2024-01-19,2024-03-15,5636.6,5588.0,2554.62,-1.0
2023-12-27,6061.35,6098.87,6019.97,6081.07,6083.22,44291.0,85714.0,50084600000.0,85714.0,2024-01-19,2024-03-15,5673.0,5625.2,2573.14,-1.0
2023-12-28,6066.07,6237.36,6048.49,6220.85,6220.0,59871.0,85970.0,68871500000.0,85970.0,2024-01-19,2024-03-15,5803.4,5760.6,2556.09,-1.0
2023-12-29,6216.14,6327.83,6215.71,6318.83,6311.54,49489.0,80879.0,58056400000.0,80879.0,2024-01-19,2024-03-15,5894.8,5855.0,2528.38,-1.0
2024-01-02,6319.04,6326.55,6251.51,6253.23,6271.23,34421.0,77941.0,40396900000.0,77941.0,2024-01-19,2024-03-15,5833.6,5793.8,2550.77,-1.0
2024-01-03,6236.5,6273.59,6180.76,6227.29,6215.28,39674.0,77490.0,46079700000.0,77490.0,2024-01-19,2024-03-15,5809.4,5763.4,2538.56,-1.0
2024-01-04,6217.21,6219.57,6142.17,6179.91,6173.9,43701.0,76857.0,50379400000.0,76857.0,2024-01-19,2024-03-15,5765.2,5714.4,2539.29,-1.0
2024-01-05,6164.68,6195.77,6051.27,6072.28,6072.07,49324.0,78064.0,56381300000.0,78064.0,2024-01-19,2024-03-15,5664.8,5606.4,2518.44,-1.0
2024-01-08,6055.35,6060.28,5855.54,5874.4,5901.63,63475.0,84117.0,70562900000.0,84117.0,2024-01-19,2024-03-15,5480.2,5406.2,2502.85,-1.0
2024-01-09,5900.77,5985.89,5864.54,5909.99,5897.56,66881.0,77072.0,73892300000.0,77072.0,2024-01-19,2024-03-15,5513.4,5435.4,2494.12,-1.0
2024-01-10,5896.06,5967.88,5801.51,5879.12,5894.77,60977.0,75297.0,67013700000.0,75297.0,2024-01-19,2024-03-15,5484.6,5411.4,2491.29,-1.0
2024-01-11,5879.76,6045.7,5866.04,5997.68,5993.39,63401.0,73029.0,70589100000.0,73029.0,2024-01-19,2024-03-15,5595.2,5535.8,2507.2,-1.0
2024-01-12,5977.52,6043.13,5950.3,5950.3,5966.81,46706.0,62619.0,52215600000.0,62619.0,2024-01-19,2024-03-15,5551.0,5485.4,2504.74,0.0
2024-01-15,5925.64,6002.61,5893.49,5928.0,5937.22,51572.0,61673.0,57226600000.0,61673.0,2024-01-19,2024-03-15,5530.2,5459.0,2493.32,0.0
2024-01-16,5923.07,5946.44,5824.02,5909.56,5879.12,59099.0,51543.0,64908300000.0,51543.0,2024-01-19,2024-03-15,5513.0,5429.4,2502.56,0.0
2024-01-17,5895.84,5900.99,5713.4,5730.98,5783.93,48961.0,41346.0,53331800000.0,41346.0,2024-01-19,2024-03-15,5346.4,5202.6,2485.36,-1.0
2024-01-18,5718.76,5762.71,5550.25,5729.05,5681.46,51285.0,27909.0,54216700000.0,27909.0,2024-01-19,2024-03-15,5344.6,5228.6,2505.99,-1.0
2024-01-19,5702.1,5769.04,5655.6,5668.86,5689.94,61749.0,69906.0,64768600000.0,69906.0,2024-02-19,2024-03-15,5217.4,5182.4,2515.5,-1.0
2024-01-22,5655.17,5671.9,5134.94,5248.37,5297.05,93331.0,77889.0,93551800000.0,77889.0,2024-02-19,2024-03-15,4830.4,4732.4,2508.57,-1.0
2024-01-23,5248.15,5495.66,5186.0,5430.47,5459.59,101009.0,78867.0,100006000000.0,78867.0,2024-02-19,2024-03-15,4998.0,4945.0,2533.18,-1.0
2024-01-24,5492.4,5553.25,5251.2,5531.3,5485.23,112868.0,82649.0,112448000000.0,82649.0,2024-02-19,2024-03-15,5090.8,5048.6,2547.32,0.0
2024-01-25,5492.84,5767.08,5473.93,5765.78,5736.66,97699.0,76703.0,101404000000.0,76703.0,2024-02-19,2024-03-15,5306.6,5273.8,2549.94,0.0
2024-01-26,5741.22,5776.86,5645.61,5668.21,5683.42,74122.0,71513.0,77998200000.0,71513.0,2024-02-19,2024-03-15,5216.8,5178.2,2557.8,0.0
2024-01-29,5702.1,5727.53,5495.66,5501.1,5533.69,82003.0,75990.0,84140900000.0,75990.0,2024-02-19,2024-03-15,5063.0,5016.4,2557.96,0.0
2024-01-30,5470.89,5540.65,5308.78,5331.82,5363.33,83571.0,76370.0,83736800000.0,76370.0,2024-02-19,2024-03-15,4907.2,4848.0,2527.64,0.0
2024-01-31,5312.04,5362.46,5113.64,5136.24,5163.19,109118.0,81823.0,105017000000.0,81823.0,2024-02-19,2024-03-15,4727.2,4666.2,2518.66,0.0
2024-02-01,5108.64,5278.58,5053.45,5105.82,5116.68,115210.0,81141.0,109313000000.0,81141.0,2024-02-19,2024-03-15,4699.2,4641.6,2507.19,-1.0
2024-02-02,5135.15,5202.3,4714.45,4897.2,4868.74,134558.0,78971.0,123579000000.0,78971.0,2024-02-19,2024-03-15,4507.2,4447.4,2483.15,-1.0
2024-02-05,4838.31,4844.4,4434.34,4538.0,4648.39,161837.0,81624.0,138287000000.0,81624.0,2024-02-19,2024-03-15,4176.6,4044.6,2475.56,-1.0
2024-02-06,4504.75,5047.8,4486.28,5007.81,4971.74,138116.0,61421.0,121655000000.0,61421.0,2024-02-19,2024-03-15,4609.0,4568.4,2477.55,-1.0
2024-02-07,5027.11,5306.85,5005.84,5254.02,5182.11,173017.0,130284.0,164204000000.0,130284.0,2024-03-15,2024-02-19,4793.0,4825.0,2477.79,-1.0
2024-02-08,5312.33,5566.43,5312.33,5459.44,5448.04,173190.0,135122.0,173232000000.0,135122.0,2024-03-15,2024-02-19,4980.4,5002.4,2504.05,-1.0
2024-02-19,5557.66,5615.32,5323.29,5431.16,5410.55,132602.0,138301.0,131392000000.0,138301.0,2024-03-15,2024-06-21,4954.6,4842.8,2508.11,0.0
2024-02-20,5395.64,5514.03,5341.05,5468.87,5477.64,116169.0,134213.0,114888000000.0,134213.0,2024-03-15,2024-06-21,4989.0,4873.2,2494.61,0.0
2024-02-21,5426.99,5716.61,5415.59,5482.46,5561.82,152686.0,140832.0,155282000000.0,140832.0,2024-03-15,2024-06-21,5001.4,4887.2,2502.37,0.0
2024-02-22,5514.91,5631.76,5498.68,5615.1,5587.91,128355.0,136589.0,130492000000.0,136589.0,2024-03-15,2024-06-21,5122.4,5010.8,2516.41,0.0
2024-02-23,5645.35,5719.89,5553.93,5718.8,5690.74,125499.0,135418.0,128972000000.0,135418.0,2024-03-15,2024-06-21,5217.0,5102.2,2518.02,1.0
2024-02-26,5718.8,5815.48,5659.82,5716.61,5730.64,127431.0,135321.0,133263000000.0,135321.0,2024-03-15,2024-06-21,5215.0,5102.6,2489.47,1.0
2024-02-27,5687.01,5910.41,5679.56,5904.05,5863.93,130656.0,133768.0,138216000000.0,133768.0,2024-03-15,2024-06-21,5386.0,5271.0,2521.86,1.0
2024-02-28,5919.4,5989.56,5590.54,5609.84,5689.64,190365.0,142224.0,202118000000.0,142224.0,2024-03-15,2024-06-21,5117.6,5000.0,2518.84,1.0
2024-02-29,5599.31,5854.94,5598.88,5846.83,5797.07,166035.0,131842.0,174421000000.0,131842.0,2024-03-15,2024-06-21,5333.8,5215.2,2524.89,1.0
2024-03-01,5848.15,5921.37,5796.19,5910.63,5892.87,125193.0,124584.0,133804000000.0,124584.0,2024-03-15,2024-06-21,5392.0,5277.0,2522.54,1.0
2024-03-04,5919.4,5939.79,5797.72,5901.2,5892.21,115382.0,118322.0,123586000000.0,118322.0,2024-03-15,2024-06-21,5383.4,5260.6,2538.89,1.0
2024-03-05,5862.4,5884.1,5789.17,5822.28,5832.36,109655.0,114764.0,116948000000.0,114764.0,2024-03-15,2024-06-21,5311.4,5183.8,2530.19,1.0
2024-03-06,5810.0,5939.13,5788.52,5859.11,5873.58,115716.0,111890.0,123728000000.0,111890.0,2024-03-15,2024-06-21,5345.0,5215.2,2533.64,1.0
2024-03-07,5873.58,5939.13,5774.7,5784.57,5808.25,114576.0,107331.0,122499000000.0,107331.0,2024-03-15,2024-06-21,5277.0,5149.2,2547.01,1.0
2024-03-08,5810.0,5898.57,5761.33,5862.4,5861.3,103462.0,99244.0,109934000000.0,99244.0,2024-03-15,2024-06-21,5348.0,5216.0,2562.25,1.0
2024-03-11,5842.67,5988.9,5831.49,5988.46,5954.7,93763.0,90367.0,100968000000.0,90367.0,2024-03-15,2024-06-21,5463.0,5319.6,2525.75,1.0
2024-03-12,6006.44,6057.52,5950.09,6016.08,6007.53,103387.0,81801.0,113243000000.0,81801.0,2024-03-15,2024-06-21,5488.2,5352.0,2537.25,1.0
2024-03-13,6023.32,6103.56,5990.65,6048.09,6055.55,80318.0,60725.0,88535700000.0,60725.0,2024-03-15,2024-06-21,5517.4,5380.0,2529.81,1.0
2024-03-14,6039.98,6078.35,5953.38,6014.77,5991.53,64905.0,38334.0,71327000000.0,38334.0,2024-03-15,2024-06-21,5487.0,5344.2,2538.24,1.0
2024-03-15,5995.52,6121.85,5970.74,6119.86,6084.02,86438.0,101062.0,94213300000.0,101062.0,2024-04-19,2024-06-21,5532.2,5440.0,2549.82,1.0
2024-03-18,6150.61,6242.21,6092.2,6238.67,6208.58,81015.0,99605.0,90217600000.0,99605.0,2024-04-19,2024-06-21,5639.6,5550.8,2558.1,1.0
2024-03-19,6216.99,6237.56,6160.79,6174.51,6189.99,75764.0,98993.0,85016900000.0,98993.0,2024-04-19,2024-06-21,5581.6,5495.2,2575.28,1.0
2024-03-20,6173.84,6251.06,6159.46,6226.94,6228.71,81466.0,98770.0,91390800000.0,98770.0,2024-04-19,2024-06-21,5629.0,5539.0,2577.47,1.0
2024-03-21,6253.27,6278.27,6189.77,6224.73,6236.01,75688.0,96980.0,85324100000.0,96980.0,2024-04-19,2024-06-21,5627.0,5540.0,2596.0,1.0
2024-03-22,6207.03,6228.27,6100.83,6149.29,6174.73,95152.0,101676.0,105969000000.0,101676.0,2024-04-19,2024-06-21,5558.8,5466.6,2571.76,1.0
2024-03-25,6143.31,6167.21,5995.96,6012.78,6049.5,88462.0,98817.0,97582000000.0,98817.0,2024-04-19,2024-06-21,5435.4,5337.0,2564.27,1.0
2024-03-26,6018.97,6049.73,5935.56,5974.72,5990.87,98250.0,103399.0,106513000000.0,103399.0,2024-04-19,2024-06-21,5401.0,5304.2,2545.21,0.0
2024-03-27,5962.55,5973.17,5769.63,5770.96,5839.32,101351.0,101761.0,107768000000.0,101761.0,2024-04-19,2024-06-21,5216.8,5121.4,2524.23,-1.0
2024-03-28,5792.42,5986.67,5786.22,5917.86,5919.85,120426.0,106816.0,128572000000.0,106816.0,2024-04-19,2024-06-21,5349.6,5249.0,2530.35,-1.0
2024-03-29,5921.62,5994.64,5864.32,5986.89,5968.75,92418.0,96257.0,99023800000.0,96257.0,2024-04-19,2024-06-21,5412.0,5308.0,2534.39,-1.0
2024-04-01,6021.18,6147.52,6017.87,6130.26,6120.08,77326.0,93833.0,85131300000.0,93833.0,2024-04-19,2024-06-21,5541.6,5446.2,2554.22,-1.0
2024-04-02,6118.53,6132.03,6042.65,6091.54,6079.59,84121.0,93587.0,92505600000.0,93587.0,2024-04-19,2024-06-21,5506.6,5414.2,2558.69,-1.0
2024-04-03,6078.71,6088.89,5996.85,6056.58,6044.64,77975.0,89825.0,85125500000.0,89825.0,2024-04-19,2024-06-21,5475.0,5374.4,2571.61,-1.0
2024-04-08,6039.99,6039.99,5909.01,5916.54,5930.92,73630.0,90525.0,79578300000.0,90525.0,2024-04-19,2024-06-21,5348.4,5241.8,2609.11,-1.0
2024-04-09,5923.84,6016.54,5914.99,6008.57,5989.77,74898.0,88348.0,80811200000.0,88348.0,2024-04-19,2024-06-21,5431.6,5322.4,2632.88,-1.0
2024-04-10,5993.53,6001.27,5846.84,5896.18,5889.77,88954.0,92744.0,95036700000.0,92744.0,2024-04-19,2024-06-21,5330.0,5218.0,2640.16,-1.0
2024-04-11,5863.44,6003.48,5853.26,5922.51,5934.9,91001.0,87336.0,97762300000.0,87336.0,2024-04-19,2024-06-21,5353.8,5235.6,2648.37,-1.0
2024-04-12,5934.24,5968.09,5857.68,5872.95,5885.56,75999.0,80012.0,81248300000.0,80012.0,2024-04-19,2024-06-21,5309.0,5183.8,2667.5,-1.0
2024-04-15,5855.47,5910.78,5724.5,5821.84,5780.91,106204.0,83623.0,111807000000.0,83623.0,2024-04-19,2024-06-21,5262.8,5120.0,2665.21,-1.0
2024-04-16,5796.84,5824.06,5573.38,5591.97,5627.59,109380.0,72632.0,112457000000.0,72632.0,2024-04-19,2024-06-21,5055.0,4917.2,2647.52,-1.0
2024-04-17,5682.02,5856.36,5663.87,5851.05,5817.64,89804.0,50301.0,93653900000.0,50301.0,2024-04-19,2024-06-21,5289.2,5157.4,2664.98,-1.0
2024-04-18,5826.49,5924.06,5775.82,5852.15,5870.07,60839.0,31019.0,64425100000.0,31019.0,2024-04-19,2024-06-21,5290.2,5165.6,2668.91,-1.0
2024-04-19,5818.62,5882.52,5753.14,5799.13,5796.64,62048.0,112345.0,63582600000.0,112345.0,2024-06-21,2024-05-17,5118.8,5191.8,2678.67,-1.0
2024-04-22,5782.14,5870.73,5717.11,5798.68,5808.88,59063.0,110846.0,60495500000.0,110846.0,2024-06-21,2024-05-17,5118.4,5189.2,2660.19,-1.0
2024-04-23,5808.42,5843.32,5738.18,5758.35,5762.65,54460.0,110994.0,55571900000.0,110994.0,2024-06-21,2024-05-17,5082.8,5151.8,2641.47,-1.0
2024-04-24,5796.87,5901.1,5752.46,5897.7,5875.49,61305.0,110829.0,63114800000.0,110829.0,2024-06-21,2024-05-17,5205.8,5275.4,2681.32,-1.0
2024-04-25,5875.26,5971.34,5863.94,5907.21,5904.72,60085.0,109272.0,62738300000.0,109272.0,2024-06-21,2024-05-17,5214.2,5279.2,2677.73,-1.0
2024-04-26,5911.52,6072.39,5911.52,6062.42,6052.23,71576.0,110203.0,75962300000.0,110203.0,2024-06-21,2024-05-17,5351.2,5408.6,2698.94,1.0
2024-04-29,6085.99,6263.4,6085.31,6242.55,6240.74,73142.0,110557.0,79937700000.0,110557.0,2024-06-21,2024-05-17,5510.2,5557.0,2686.38,1.0
2024-04-30,6242.55,6259.32,6154.41,6172.99,6182.74,59732.0,106642.0,65338600000.0,106642.0,2024-06-21,2024-05-17,5448.8,5493.0,2682.11,1.0
2024-05-06,6298.97,6341.12,6267.02,6286.06,6297.84,57463.0,108078.0,63943200000.0,108078.0,2024-06-21,2024-05-17,5548.6,5590.2,2688.06,1.0
2024-05-07,6281.98,6328.2,6268.38,6295.8,6296.03,45224.0,106467.0,50275400000.0,106467.0,2024-06-21,2024-05-17,5557.2,5606.8,2688.36,1.0
2024-05-08,6274.05,6274.05,6175.49,6187.04,6194.07,50753.0,109674.0,55757200000.0,109674.0,2024-06-21,2024-05-17,5461.2,5519.8,2658.42,1.0
2024-05-09,6206.98,6329.56,6199.05,6302.14,6304.64,56400.0,110212.0,62572500000.0,110212.0,2024-06-21,2024-05-17,5562.8,5617.0,2659.64,1.0
2024-05-10,6321.63,6339.76,6192.48,6235.08,6223.75,67029.0,113824.0,73799100000.0,113824.0,2024-06-21,2024-05-17,5503.6,5563.6,2671.34,1.0
2024-05-13,6175.49,6222.16,6105.92,6167.33,6156.0,66036.0,116072.0,71844700000.0,116072.0,2024-06-21,2024-05-17,5443.8,5512.0,2675.91,1.0
2024-05-14,6204.94,6262.72,6167.56,6197.01,6201.77,59866.0,116594.0,65616800000.0,116594.0,2024-06-21,2024-05-17,5470.0,5537.0,2663.34,0.0
2024-05-15,6185.68,6215.14,6127.0,6144.9,6155.55,62134.0,121328.0,67757200000.0,121328.0,2024-06-21,2024-05-17,5424.0,5489.2,2660.37,0.0
2024-05-16,6197.24,6214.46,6119.29,6134.7,6149.2,79478.0,134269.0,86702300000.0,134269.0,2024-06-21,2024-05-17,5415.0,5478.2,2687.3,0.0
2024-05-17,6149.2,6271.78,6126.77,6265.21,6221.71,94821.0,142465.0,103567000000.0,142465.0,2024-06-21,2024-09-20,5530.2,5429.6,2725.16,0.0
2024-05-20,6268.61,6330.01,6238.7,6275.41,6276.54,76844.0,136278.0,85269200000.0,136278.0,2024-06-21,2024-09-20,5539.2,5439.4,2763.94,0.0
2024-05-21,6253.66,6270.2,6168.69,6204.71,6188.4,70134.0,134930.0,76899200000.0,134930.0,2024-06-21,2024-09-20,5476.8,5375.0,2758.82,0.0
2024-05-22,6214.0,6235.76,6165.29,6207.89,6213.78,65033.0,131548.0,71235900000.0,131548.0,2024-06-21,2024-09-20,5479.6,5379.6,2773.84,0.0
2024-05-23,6182.28,6183.42,6032.97,6071.26,6058.57,86122.0,136494.0,92663500000.0,136494.0,2024-06-21,2024-09-20,5359.0,5257.8,2733.38,-1.0
2024-05-24,6061.06,6102.3,5991.95,5994.45,6014.16,77622.0,131652.0,82857000000.0,131652.0,2024-06-21,2024-09-20,5291.2,5188.0,2740.97,-1.0
2024-05-27,6027.07,6055.17,5927.15,6044.97,6023.9,86544.0,135548.0,91407100000.0,135548.0,2024-06-21,2024-09-20,5335.8,5229.0,2741.64,-1.0
2024-05-28,6027.07,6058.8,5964.31,5980.62,5976.77,76924.0,125679.0,81589200000.0,125679.0,2024-06-21,2024-09-20,5279.0,5167.0,2750.97,-1.0
2024-05-29,5988.78,6051.77,5950.04,5986.29,5976.55,83508.0,130440.0,88522200000.0,130440.0,2024-06-21,2024-09-20,5284.0,5165.0,2781.64,-1.0
2024-05-30,5968.16,6031.38,5936.67,5994.67,5988.56,87534.0,125533.0,92548300000.0,125533.0,2024-06-21,2024-09-20,5291.4,5171.0,2741.68,-1.0
2024-05-31,6019.14,6064.69,6013.48,6020.28,6026.85,72770.0,120721.0,77504100000.0,120721.0,2024-06-21,2024-09-20,5314.0,5197.2,2727.22,-1.0
2024-06-03,6015.75,6020.73,5869.83,5916.5,5898.83,94312.0,127269.0,99005400000.0,127269.0,2024-06-21,2024-09-20,5222.4,5098.0,2678.05,-1.0
2024-06-04,5902.23,5987.42,5869.37,5968.84,5956.83,91299.0,119444.0,95442200000.0,119444.0,2024-06-21,2024-09-20,5268.6,5141.0,2658.78,-1.0
2024-06-05,5954.79,5991.5,5895.43,5902.0,5917.18,70893.0,117604.0,74495300000.0,117604.0,2024-06-21,2024-09-20,5209.6,5083.2,2636.77,-1.0
2024-06-06,5931.23,5943.24,5745.43,5779.87,5776.7,111388.0,128795.0,114586000000.0,128795.0,2024-06-21,2024-09-20,5101.8,4978.8,2669.31,-1.0
2024-06-07,5835.61,5854.65,5733.42,5794.83,5807.29,100891.0,119715.0,103245000000.0,119715.0,2024-06-21,2024-09-20,5115.0,4995.0,2680.41,-1.0
2024-06-11,5771.49,5881.16,5718.92,5861.67,5856.46,90754.0,116754.0,92970200000.0,116754.0,2024-06-21,2024-09-20,5174.0,5047.8,2641.53,-1.0
2024-06-12,5851.25,5899.06,5843.77,5869.15,5878.89,68123.0,105908.0,70706300000.0,105908.0,2024-06-21,2024-09-20,5180.6,5050.8,2658.89,-1.0
2024-06-13,5890.9,5890.9,5816.58,5832.67,5830.63,68759.0,103228.0,70949700000.0,103228.0,2024-06-21,2024-09-20,5148.4,5009.2,2649.35,-1.0
2024-06-14,5814.31,5884.1,5792.56,5867.11,5855.1,82584.0,98376.0,85015200000.0,98376.0,2024-06-21,2024-09-20,5178.8,5045.4,2652.78,-1.0
2024-06-17,5836.75,5899.06,5826.32,5861.44,5863.71,63411.0,86066.0,65732600000.0,86066.0,2024-06-21,2024-09-20,5173.8,5044.0,2618.58,-1.0
2024-06-18,5858.5,5939.39,5858.5,5925.11,5910.84,68503.0,75217.0,71498800000.0,75217.0,2024-06-21,2024-09-20,5230.0,5102.4,2629.91,-1.0
2024-06-19,5937.12,5952.3,5824.28,5840.14,5847.85,68614.0,55505.0,71123000000.0,55505.0,2024-06-21,2024-09-20,5155.0,5026.6,2647.86,-1.0
2024-06-20,5840.37,5860.31,5719.6,5737.05,5740.45,55148.0,34529.0,56297000000.0,34529.0,2024-06-21,2024-09-20,5064.0,4925.0,2656.89,-1.0
2024-06-21,5722.6,5775.58,5697.14,5727.65,5741.18,74160.0,95028.0,74262400000.0,95028.0,2024-07-19,2024-09-20,4994.6,4919.2,2639.2,-1.0
2024-06-24,5689.34,5710.67,5534.3,5543.48,5565.72,88614.0,100237.0,86813500000.0,100237.0,2024-07-19,2024-09-20,4834.0,4752.8,2619.72,-1.0
2024-06-25,5564.12,5582.01,5467.56,5514.12,5496.92,90594.0,102236.0,87319600000.0,102236.0,2024-07-19,2024-09-20,4808.4,4727.0,2629.32,-1.0
2024-06-26,5514.12,5695.08,5472.83,5681.55,5666.87,108500.0,102894.0,105612000000.0,102894.0,2024-07-19,2024-09-20,4954.4,4874.8,2640.84,-1.0
2024-06-27,5660.9,5668.47,5525.13,5544.62,5541.64,93752.0,99692.0,91273700000.0,99692.0,2024-07-19,2024-09-20,4835.0,4753.6,2620.69,0.0
2024-06-28,5533.15,5678.56,5531.09,5563.43,5571.0,105825.0,104068.0,103676000000.0,104068.0,2024-07-19,2024-09-20,4851.4,4775.0,2648.18,0.0
2024-07-01,5571.0,5652.88,5496.69,5611.36,5623.75,97193.0,99581.0,94473700000.0,99581.0,2024-07-19,2024-09-20,4893.2,4816.6,2662.37,0.0
2024-07-02,5619.16,5639.12,5548.06,5577.65,5574.21,77542.0,91892.0,75630100000.0,91892.0,2024-07-19,2024-09-20,4863.8,4787.0,2685.69,0.0
2024-07-03,5574.67,5595.08,5528.57,5541.41,5546.0,74798.0,92615.0,72553400000.0,92615.0,2024-07-19,2024-09-20,4832.2,4752.6,2707.5,0.0
2024-07-04,5554.48,5565.26,5391.41,5423.06,5418.25,86507.0,96368.0,82546600000.0,96368.0,2024-07-19,2024-09-20,4729.0,4648.0,2698.82,-1.0
2024-07-05,5421.92,5511.82,5366.87,5479.49,5485.68,98420.0,97634.0,93326300000.0,97634.0,2024-07-19,2024-09-20,4778.2,4698.2,2680.22,-1.0
2024-07-08,5468.71,5468.94,5317.56,5347.38,5340.04,88034.0,94241.0,82603600000.0,94241.0,2024-07-19,2024-09-20,4663.0,4577.6,2656.63,-1.0
2024-07-09,5339.35,5499.44,5305.87,5466.18,5476.96,123226.0,105861.0,116073000000.0,105861.0,2024-07-19,2024-09-20,4766.6,4683.6,2655.38,-1.0
2024-07-10,5453.8,5520.08,5444.62,5456.32,5464.12,83873.0,90954.0,80139700000.0,90954.0,2024-07-19,2024-09-20,4758.0,4675.0,2613.39,-1.0
2024-07-11,5550.36,5605.63,5504.03,5597.83,5592.79,89853.0,92011.0,87225100000.0,92011.0,2024-07-19,2024-09-20,4881.4,4802.6,2634.25,-1.0
2024-07-12,5585.91,5609.99,5552.88,5578.11,5590.26,68072.0,81735.0,66266600000.0,81735.0,2024-07-19,2024-09-20,4864.2,4786.6,2633.23,-1.0
2024-07-15,5562.05,5569.16,5493.48,5514.58,5510.22,69517.0,78372.0,66994000000.0,78372.0,2024-07-19,2024-09-20,4808.8,4727.0,2630.21,-1.0
2024-07-16,5499.67,5547.37,5466.64,5523.52,5520.31,72248.0,69493.0,69391500000.0,69493.0,2024-07-19,2024-09-20,4816.6,4725.2,2625.36,-1.0
2024-07-17,5527.65,5543.7,5471.92,5492.56,5498.29,63485.0,51040.0,60882100000.0,51040.0,2024-07-19,2024-09-20,4789.6,4681.2,2606.64,-1.0
2024-07-18,5462.74,5537.74,5405.18,5515.04,5510.91,60705.0,30963.0,57807400000.0,30963.0,2024-07-19,2024-09-20,4809.2,4706.0,2620.55,-1.0
2024-07-19,5466.57,5592.48,5461.7,5515.27,5523.38,79476.0,83773.0,75790300000.0,83773.0,2024-08-16,2024-09-20,4757.0,4710.4,2592.11,-1.0
2024-07-22,5539.38,5574.4,5492.08,5525.93,5520.6,62756.0,79680.0,59905700000.0,79680.0,2024-08-16,2024-09-20,4766.2,4718.4,2570.28,-1.0
2024-07-23,5537.3,5544.02,5361.53,5362.23,5400.25,65738.0,81852.0,61871300000.0,81852.0,2024-08-16,2024-09-20,4625.0,4574.8,2544.23,-1.0
2024-07-24,5356.2,5390.52,5289.42,5298.69,5312.84,89033.0,93159.0,81996700000.0,93159.0,2024-08-16,2024-09-20,4570.2,4518.8,2544.88,-1.0
2024-07-25,5281.07,5383.1,5266.0,5309.13,5314.69,88909.0,88083.0,81525400000.0,88083.0,2024-08-16,2024-09-20,4579.2,4526.8,2505.12,-1.0
2024-07-26,5334.86,5424.83,5333.47,5408.14,5399.33,83036.0,86687.0,77184600000.0,86687.0,2024-08-16,2024-09-20,4664.6,4613.0,2530.71,-1.0
2024-07-29,5424.83,5424.83,5355.5,5377.99,5382.63,59453.0,79510.0,55200200000.0,79510.0,2024-08-16,2024-09-20,4638.6,4583.8,2517.4,-1.0
2024-07-30,5354.81,5432.25,5316.08,5398.17,5399.1,74188.0,87209.0,68853900000.0,87209.0,2024-08-16,2024-09-20,4656.0,4603.4,2482.46,-1.0
2024-07-31,5402.81,5679.67,5388.89,5675.26,5653.0,100816.0,92356.0,96696700000.0,92356.0,2024-08-16,2024-09-20,4895.0,4855.2,2510.83,1.0
2024-08-01,5680.13,5721.64,5597.12,5633.99,5641.64,81007.0,87470.0,79031000000.0,87470.0,2024-08-16,2024-09-20,4859.4,4819.8,2523.81,1.0
2024-08-02,5588.31,5671.79,5544.02,5556.77,5562.34,81276.0,87295.0,78626000000.0,87295.0,2024-08-16,2024-09-20,4792.8,4749.0,2526.06,1.0
2024-08-05,5541.93,5625.64,5393.76,5415.1,5422.05,107524.0,95315.0,102209000000.0,95315.0,2024-08-16,2024-09-20,4670.6,4625.0,2473.14,1.0
2024-08-06,5494.86,5523.85,5417.88,5483.73,5469.35,88344.0,84545.0,83362400000.0,84545.0,2024-08-16,2024-09-20,4729.8,4683.2,2441.11,1.0
2024-08-07,5473.53,5517.59,5441.07,5471.21,5478.4,74151.0,80158.0,70118700000.0,80158.0,2024-08-16,2024-09-20,4719.0,4669.0,2436.85,1.0
2024-08-08,5450.57,5532.66,5397.01,5489.76,5493.24,88332.0,83736.0,83324100000.0,83736.0,2024-08-16,2024-09-20,4735.0,4687.2,2427.92,1.0
2024-08-09,5532.66,5555.85,5428.31,5434.11,5444.08,77726.0,74611.0,73574100000.0,74611.0,2024-08-16,2024-09-20,4687.0,4631.6,2455.27,1.0
2024-08-12,5434.11,5453.36,5392.37,5424.14,5409.53,67101.0,69659.0,62730000000.0,69659.0,2024-08-16,2024-09-20,4678.4,4624.2,2450.36,1.0
2024-08-13,5423.91,5454.98,5376.14,5437.36,5410.69,68645.0,61666.0,64140100000.0,61666.0,2024-08-16,2024-09-20,4689.8,4639.0,2438.52,1.0
2024-08-14,5437.59,5450.34,5380.31,5381.47,5397.94,51499.0,44383.0,48048500000.0,44383.0,2024-08-16,2024-09-20,4641.6,4590.6,2407.29,1.0
2024-08-15,5369.05,5532.46,5361.54,5436.34,5437.04,118664.0,160619.0,110304000000.0,160619.0,2024-09-20,2024-08-16,4637.4,4679.6,2411.18,1.0
2024-08-16,5449.93,5473.15,5394.84,5399.76,5409.61,90140.0,155809.0,83561500000.0,155809.0,2024-09-20,2024-12-20,4606.2,4501.4,2413.07,1.0
2024-08-19,5401.87,5494.95,5392.73,5419.22,5419.92,80063.0,155221.0,74314300000.0,155221.0,2024-09-20,2024-12-20,4622.8,4517.8,2420.43,1.0
2024-08-20,5422.97,5430.94,5296.6,5318.64,5312.78,96619.0,155978.0,88032100000.0,155978.0,2024-09-20,2024-12-20,4537.0,4431.0,2419.51,-1.0
2024-08-21,5310.67,5344.43,5291.21,5301.05,5298.94,72862.0,149045.0,66050000000.0,149045.0,2024-09-20,2024-12-20,4522.0,4419.0,2448.0,-1.0
2024-08-22,5308.09,5320.04,5224.15,5243.85,5237.52,88130.0,156536.0,79158000000.0,156536.0,2024-09-20,2024-12-20,4473.2,4369.0,2418.72,-1.0
2024-08-23,5249.47,5268.23,5211.49,5245.96,5241.27,87728.0,150538.0,78373200000.0,150538.0,2024-09-20,2024-12-20,4475.0,4376.6,2416.49,-1.0
2024-08-26,5251.82,5295.19,5226.73,5262.6,5257.45,77864.0,148292.0,69932600000.0,148292.0,2024-09-20,2024-12-20,4489.2,4390.6,2473.92,-1.0
2024-08-27,5189.48,5194.11,5127.8,5150.29,5151.45,77232.0,146087.0,68689200000.0,146087.0,2024-09-20,2024-12-20,4442.2,4344.2,2486.73,-1.0
2024-08-28,5139.62,5210.11,5125.94,5159.56,5164.66,82253.0,146868.0,73295200000.0,146868.0,2024-09-20,2024-12-20,4450.2,4351.8,2472.45,-1.0
2024-08-29,5141.48,5279.45,5138.46,5249.07,5260.2,113326.0,153849.0,102124000000.0,153849.0,2024-09-20,2024-12-20,4527.4,4432.8,2465.84,-1.0
2024-08-30,5249.3,5446.4,5246.52,5357.59,5381.7,142796.0,155302.0,132180000000.0,155302.0,2024-09-20,2024-12-20,4621.0,4525.0,2472.97,-1.0
2024-09-02,5406.56,5433.29,5285.58,5293.55,5308.09,89892.0,142020.0,82162900000.0,142020.0,2024-09-20,2024-12-20,4515.6,4418.8,2409.28,-1.0
2024-09-03,5303.4,5384.05,5291.68,5330.83,5330.6,95410.0,140430.0,86778600000.0,140430.0,2024-09-20,2024-12-20,4547.4,4444.6,2412.05,-1.0
2024-09-04,5310.43,5377.25,5283.47,5317.7,5313.25,95403.0,134704.0,86679900000.0,134704.0,2024-09-20,2024-12-20,4536.2,4433.0,2358.6,-1.0
2024-09-05,5327.55,5405.86,5327.55,5365.76,5358.5,88060.0,131885.0,80512800000.0,131885.0,2024-09-20,2024-12-20,4577.2,4476.6,2345.45,-1.0
2024-09-06,5386.63,5389.44,5254.16,5271.98,5268.7,90398.0,127548.0,81811600000.0,127548.0,2024-09-20,2024-12-20,4497.2,4393.2,2354.49,-1.0
2024-09-09,5260.26,5297.07,5211.02,5225.32,5223.92,85871.0,125870.0,76888700000.0,125870.0,2024-09-20,2024-12-20,4457.4,4355.0,2337.15,-1.0
2024-09-10,5241.27,5278.08,5133.18,5244.32,5242.21,116746.0,129541.0,103592000000.0,129541.0,2024-09-20,2024-12-20,4473.6,4369.0,2323.17,-1.0
2024-09-11,5228.37,5268.7,5203.75,5245.72,5233.77,86309.0,111092.0,77068200000.0,111092.0,2024-09-20,2024-12-20,4474.8,4366.6,2345.29,-1.0
2024-09-12,5256.51,5328.02,5230.25,5238.22,5245.96,86856.0,106827.0,78112400000.0,106827.0,2024-09-20,2024-12-20,4468.4,4359.6,2364.54,-1.0
2024-09-13,5245.96,5250.18,5174.68,5177.73,5186.87,80427.0,94210.0,71498700000.0,94210.0,2024-09-20,2024-12-20,4416.8,4312.0,2367.18,-1.0
2024-09-18,5173.28,5185.0,5084.65,5163.9,5157.57,90715.0,75838.0,79540400000.0,75838.0,2024-09-20,2024-12-20,4405.0,4290.6,2374.06,-1.0
2024-09-19,5184.06,5325.91,5134.59,5260.49,5257.45,92123.0,42680.0,82253300000.0,42680.0,2024-09-20,2024-12-20,4487.4,4379.0,2407.02,-1.0
2024-09-20,5262.86,5264.98,5182.78,5223.41,5211.83,80598.0,103051.0,71276100000.0,103051.0,2024-10-18,2024-12-20,4422.6,4347.2,2399.01,-1.0
2024-09-23,5214.67,5312.22,5199.55,5240.42,5239.94,78245.0,101314.0,69632600000.0,101314.0,2024-10-18,2024-12-20,4437.0,4363.0,2378.7,-1.0
2024-09-24,5310.1,5500.01,5241.83,5495.76,5461.75,156875.0,127361.0,142579000000.0,127361.0,2024-10-18,2024-12-20,4653.2,4586.0,2434.41,1.0
2024-09-25,5562.85,5672.45,5518.68,5523.16,5539.94,140021.0,112646.0,132643000000.0,112646.0,2024-10-18,2024-12-20,4676.4,4615.4,2455.78,1.0
2024-09-26,5517.26,5834.49,5506.63,5831.42,5757.96,152942.0,119316.0,145959000000.0,119316.0,2024-10-18,2024-12-20,4937.4,4882.4,2471.55,1.0
2024-09-27,5931.34,6333.62,5851.5,6333.14,6241.96,212983.0,109667.0,219715000000.0,109667.0,2024-10-18,2024-12-20,5362.2,5297.2,2501.7,1.0
2024-09-30,6520.7,6866.04,6369.05,6866.04,6851.63,180916.0,102683.0,203423000000.0,102683.0,2024-10-18,2024-12-20,5813.4,5769.6,2586.67,1.0
2024-10-08,7536.65,7536.65,6975.41,7346.03,7292.41,211253.0,102649.0,262401000000.0,102649.0,2024-10-18,2024-12-20,6219.8,6184.8,2576.84,1.0
2024-10-09,7145.48,7239.5,6707.31,6790.93,6913.29,236928.0,113905.0,281559000000.0,113905.0,2024-10-18,2024-12-20,5749.8,5715.8,2554.99,1.0
2024-10-10,6921.08,7009.19,6648.96,6689.59,6731.87,199403.0,109601.0,230117000000.0,109601.0,2024-10-18,2024-12-20,5664.0,5628.8,2537.41,0.0
2024-10-11,6649.67,6673.06,6312.83,6404.95,6379.2,181571.0,106392.0,199443000000.0,106392.0,2024-10-18,2024-12-20,5423.0,5379.0,2570.06,0.0
2024-10-14,6448.65,6659.59,6304.09,6629.36,6603.14,166111.0,94623.0,182667000000.0,94623.0,2024-10-18,2024-12-20,5613.0,5557.0,2580.92,0.0
2024-10-15,6560.85,6742.27,6473.45,6473.93,6541.96,145218.0,85180.0,162768000000.0,85180.0,2024-10-18,2024-12-20,5481.4,5411.0,2553.56,0.0
2024-10-16,6423.14,6637.62,6407.31,6528.02,6508.18,126998.0,67735.0,140363000000.0,67735.0,2024-10-18,2024-12-20,5527.2,5470.4,2550.69,0.0
2024-10-17,6599.83,6654.63,6483.14,6484.08,6527.31,91036.0,41237.0,101456000000.0,41237.0,2024-10-18,2024-12-20,5490.0,5434.0,2494.73,0.0
2024-10-18,6509.14,7147.29,6479.31,6834.9,6955.41,237911.0,154527.0,270470000000.0,154527.0,2024-12-20,2024-11-15,5728.0,5732.8,2523.76,0.0
2024-10-21,6896.95,7092.64,6861.63,6947.78,6952.55,164469.0,156900.0,192202000000.0,156900.0,2024-12-20,2024-11-15,5822.6,5840.0,2531.26,0.0
2024-10-22,6941.1,7035.36,6877.85,6981.19,6963.29,144065.0,152874.0,167896000000.0,152874.0,2024-12-20,2024-11-15,5850.6,5873.8,2536.43,0.0
2024-10-23,6954.22,7130.82,6934.17,6999.8,7002.67,163299.0,160776.0,192419000000.0,160776.0,2024-12-20,2024-11-15,5866.2,5891.2,2543.3,0.0
2024-10-24,6968.54,6993.6,6891.7,6958.99,6947.78,128380.0,152667.0,149360000000.0,152667.0,2024-12-20,2024-11-15,5832.0,5859.0,2553.24,0.0
2024-10-25,6987.39,7161.61,6972.6,7134.88,7097.41,171776.0,164952.0,203761000000.0,164952.0,2024-12-20,2024-11-15,5979.4,5996.0,2548.42,0.0
2024-10-28,7137.26,7220.08,7077.13,7211.96,7195.97,129514.0,156470.0,155482000000.0,156470.0,2024-12-20,2024-11-15,6044.0,6069.2,2560.17,1.0
2024-10-29,7248.95,7263.75,7077.36,7100.99,7103.62,158353.0,169197.0,190175000000.0,169197.0,2024-12-20,2024-11-15,5951.0,5977.8,2532.97,1.0
2024-10-30,7083.09,7170.91,7029.16,7129.63,7098.37,152202.0,160642.0,181206000000.0,160642.0,2024-12-20,2024-11-15,5975.0,6006.0,2550.68,1.0
2024-10-31,7145.38,7318.16,7099.8,7235.35,7261.12,194052.0,174387.0,234937000000.0,174387.0,2024-12-20,2024-11-15,6063.6,6095.4,2550.29,1.0
2024-11-01,7216.73,7235.59,7009.11,7028.2,7038.94,186128.0,168205.0,221258000000.0,168205.0,2024-12-20,2024-11-15,5890.0,5917.8,2550.63,1.0
2024-11-04,7017.7,7207.43,7017.7,7202.18,7149.2,137701.0,165746.0,164124000000.0,165746.0,2024-12-20,2024-11-15,6035.8,6065.4,2560.07,1.0
2024-11-05,7182.61,7509.56,7172.58,7471.37,7458.96,198361.0,176878.0,245036000000.0,176878.0,2024-12-20,2024-11-15,6261.4,6283.4,2568.04,1.0
2024-11-06,7478.06,7575.66,7399.3,7479.49,7477.34,203102.0,175401.0,255014000000.0,175401.0,2024-12-20,2024-11-15,6268.2,6293.8,2549.32,1.0
2024-11-07,7428.18,7634.13,7424.84,7623.63,7590.7,165755.0,168295.0,208911000000.0,168295.0,2024-12-20,2024-11-15,6389.0,6408.0,2580.55,1.0
2024-11-08,7684.49,7764.43,7576.14,7615.04,7617.9,188440.0,178466.0,242289000000.0,178466.0,2024-12-20,2024-11-15,6381.8,6408.6,2573.99,1.0
2024-11-11,7587.83,7782.57,7568.03,7744.63,7747.01,164466.0,172711.0,212239000000.0,172711.0,2024-12-20,2024-11-15,6490.4,6525.6,2557.19,1.0
2024-11-12,7756.08,7801.42,7592.37,7646.06,7628.4,176924.0,178522.0,228349000000.0,178522.0,2024-12-20,2024-11-15,6407.8,6456.0,2527.59,1.0
2024-11-13,7621.96,7679.95,7521.25,7633.65,7640.81,181560.0,179774.0,231289000000.0,179774.0,2024-12-20,2024-11-15,6397.4,6445.4,2518.95,1.0
2024-11-14,7614.08,7632.94,7423.17,7445.36,7449.66,182534.0,192409.0,229934000000.0,192409.0,2024-12-20,2024-11-15,6239.6,6279.0,2496.7,1.0
2024-11-15,7469.7,7524.83,7272.82,7282.36,7327.47,218880.0,199783.0,272070000000.0,199783.0,2024-12-20,2025-03-21,6103.0,6002.6,2478.92,1.0
2024-11-18,7327.95,7331.29,7041.81,7104.81,7085.96,217824.0,200461.0,261868000000.0,200461.0,2024-12-20,2025-03-21,5954.2,5855.0,2488.57,0.0
2024-11-19,7134.4,7280.45,7077.13,7270.43,7226.04,220087.0,196641.0,264468000000.0,196641.0,2024-12-20,2025-03-21,6093.0,5995.8,2521.14,0.0
2024-11-20,7254.92,7408.61,7243.7,7387.13,7366.84,200989.0,191596.0,247066000000.0,191596.0,2024-12-20,2025-03-21,6190.8,6084.8,2521.51,0.0
2024-11-21,7374.24,7426.75,7308.61,7382.83,7357.54,181881.0,187022.0,224974000000.0,187022.0,2024-12-20,2025-03-21,6187.2,6079.0,2526.05,0.0
2024-11-22,7365.89,7409.56,7091.44,7101.23,7170.2,197788.0,189155.0,241354000000.0,189155.0,2024-12-20,2025-03-21,5951.2,5838.2,2510.37,0.0
2024-11-25,7127.48,7154.45,7018.9,7150.87,7084.76,202233.0,193159.0,240257000000.0,193159.0,2024-12-20,2025-03-21,5992.8,5876.8,2519.87,0.0
2024-11-26,7135.83,7199.31,7024.62,7056.84,7065.19,190017.0,185010.0,226217000000.0,185010.0,2024-12-20,2025-03-21,5914.0,5798.4,2507.21,0.0
2024-11-27,7023.67,7273.29,6922.0,7263.03,7193.82,244628.0,197311.0,289929000000.0,197311.0,2024-12-20,2025-03-21,6086.8,5979.8,2517.58,0.0
2024-11-28,7268.04,7310.76,7173.06,7203.37,7221.51,186048.0,176294.0,225930000000.0,176294.0,2024-12-20,2025-03-21,6036.8,5926.0,2504.02,0.0
2024-11-29,7195.26,7428.89,7145.38,7345.6,7354.91,235635.0,189378.0,288678000000.0,189378.0,2024-12-20,2025-03-21,6156.0,6049.0,2522.64,0.0
2024-12-02,7345.84,7525.78,7338.68,7477.82,7478.06,182864.0,173067.0,228715000000.0,173067.0,2024-12-20,2025-03-21,6266.8,6159.6,2521.62,1.0
2024-12-03,7484.26,7546.31,7389.99,7476.15,7502.87,180768.0,172505.0,225954000000.0,172505.0,2024-12-20,2025-03-21,6265.4,6156.0,2530.56,1.0
2024-12-04,7475.91,7481.63,7316.01,7364.46,7349.42,176184.0,166822.0,218480000000.0,166822.0,2024-12-20,2025-03-21,6171.8,6061.8,2528.87,1.0
2024-12-05,7345.37,7495.72,7342.26,7464.45,7449.42,169624.0,161405.0,211421000000.0,161405.0,2024-12-20,2025-03-21,6255.6,6138.8,2502.81,1.0
2024-12-06,7473.52,7601.2,7368.52,7557.52,7558.96,203792.0,167060.0,256183000000.0,167060.0,2024-12-20,2025-03-21,6333.6,6220.0,2501.82,1.0
2024-12-09,7545.83,7582.58,7419.82,7474.48,7471.85,147628.0,150504.0,185424000000.0,150504.0,2024-12-20,2025-03-21,6264.0,6147.4,2501.19,1.0
2024-12-10,7756.08,7801.42,7553.47,7586.88,7596.42,188885.0,157277.0,242728000000.0,157277.0,2024-12-20,2025-03-21,6358.2,6246.0,2517.09,1.0
2024-12-11,7585.21,7699.76,7584.97,7672.79,7674.94,146971.0,141428.0,188605000000.0,141428.0,2024-12-20,2025-03-21,6430.2,6317.8,2533.76,1.0
2024-12-12,7675.18,7753.69,7608.83,7729.59,7731.26,144410.0,134954.0,185901000000.0,134954.0,2024-12-20,2025-03-21,6477.8,6364.6,2551.47,1.0
2024-12-13,7659.43,7687.83,7550.6,7587.83,7596.66,164655.0,131621.0,210048000000.0,131621.0,2024-12-20,2025-03-21,6359.0,6236.2,2527.15,1.0
2024-12-16,7590.22,7594.75,7448.7,7473.76,7469.46,115176.0,113214.0,144855000000.0,113214.0,2024-12-20,2025-03-21,6263.4,6142.0,2527.22,1.0
2024-12-17,7457.53,7478.29,7324.13,7330.81,7340.83,144996.0,113630.0,179515000000.0,113630.0,2024-12-20,2025-03-21,6143.6,6022.0,2516.27,1.0
2024-12-18,7362.07,7449.42,7309.81,7385.94,7391.66,116069.0,81088.0,143680000000.0,81088.0,2024-12-20,2025-03-21,6189.8,6066.6,2482.0,0.0
2024-12-19,7316.73,7435.81,7274.01,7419.59,7406.7,96333.0,52443.0,118660000000.0,52443.0,2024-12-20,2025-03-21,6218.0,6096.8,2471.67,0.0
2024-12-20,7394.27,7535.44,7386.97,7473.62,7474.35,98404.0,142566.0,120866000000.0,142566.0,2025-03-21,2025-01-17,6141.2,6226.2,2469.27,0.0
2024-12-23,7474.59,7477.03,7280.85,7285.96,7300.32,110939.0,154200.0,134224000000.0,154200.0,2025-03-21,2025-01-17,5987.0,6063.0,2483.97,0.0
2024-12-24,7313.95,7372.61,7260.89,7366.77,7341.21,122818.0,152273.0,147891000000.0,152273.0,2025-03-21,2025-01-17,6053.4,6130.2,2488.88,0.0
2024-12-25,7343.16,7356.55,7233.88,7303.97,7287.18,122978.0,155470.0,147168000000.0,155470.0,2025-03-21,2025-01-17,6001.8,6080.0,2489.39,0.0
2024-12-26,7301.78,7403.52,7296.92,7366.04,7374.07,94903.0,146619.0,114955000000.0,146619.0,2025-03-21,2025-01-17,6052.8,6131.0,2487.11,0.0
2024-12-27,7373.58,7490.41,7323.69,7383.81,7394.52,116992.0,155250.0,142711000000.0,155250.0,2025-03-21,2025-01-17,6067.4,6143.6,2475.77,0.0
2024-12-30,7376.02,7423.48,7311.52,7372.12,7365.55,111379.0,153147.0,134867000000.0,153147.0,2025-03-21,2025-01-17,6057.8,6133.6,2489.24,0.0
2024-12-31,7386.97,7401.09,7115.59,7117.54,7157.45,137741.0,164962.0,163951000000.0,164962.0,2025-03-21,2025-01-17,5848.6,5926.4,2496.47,-1.0
2025-01-02,7119.48,7165.24,6861.24,6935.96,6935.48,166462.0,168141.0,192645000000.0,168141.0,2025-03-21,2025-01-17,5699.4,5778.0,2499.96,-1.0
2025-01-03,6962.25,6969.55,6728.59,6758.29,6774.6,176952.0,172211.0,199310000000.0,172211.0,2025-03-21,2025-01-17,5553.4,5625.0,2485.73,-1.0
2025-01-06,6755.12,6823.27,6682.11,6726.4,6720.56,151560.0,168619.0,168036000000.0,168619.0,2025-03-21,2025-01-17,5527.2,5597.2,2477.13,-1.0
2025-01-07,6737.11,6825.46,6688.68,6813.78,6797.23,140353.0,166007.0,155896000000.0,166007.0,2025-03-21,2025-01-17,5599.0,5672.8,2478.37,-1.0
2025-01-08,6778.49,6841.77,6574.77,6772.89,6798.2,200605.0,180375.0,221530000000.0,180375.0,2025-03-21,2025-01-17,5565.4,5639.6,2477.96,-1.0
2025-01-09,6742.22,6833.25,6741.01,6767.78,6781.65,127718.0,167449.0,142606000000.0,167449.0,2025-03-21,2025-01-17,5561.2,5640.2,2479.73,-1.0
2025-01-10,6765.1,6851.51,6634.89,6639.76,6675.78,166760.0,178339.0,184798000000.0,178339.0,2025-03-21,2025-01-17,5456.0,5530.4,2492.87,-1.0
2025-01-13,6607.63,6723.73,6548.48,6669.94,6657.04,159240.0,175491.0,173766000000.0,175491.0,2025-03-21,2025-01-17,5480.8,5557.6,2551.5,-1.0
2025-01-14,6706.69,6999.98,6665.31,6994.62,6972.72,211844.0,187451.0,239100000000.0,187451.0,2025-03-21,2025-01-17,5747.6,5819.0,2554.61,-1.0
2025-01-15,6976.85,6991.46,6904.57,6939.62,6938.89,139200.0,176033.0,158747000000.0,176033.0,2025-03-21,2025-01-17,5702.4,5775.4,2564.61,-1.0
2025-01-16,6977.83,7122.4,6908.7,6961.52,6963.22,193605.0,194476.0,222806000000.0,194476.0,2025-03-21,2025-01-17,5720.4,5797.0,2586.22,-1.0
2025-01-17,6940.35,7097.33,6919.66,7031.62,7044.76,196360.0,188890.0,226011000000.0,188890.0,2025-03-21,2025-02-21,5778.0,5811.8,2594.26,-1.0
2025-01-20,7082.73,7161.83,7055.23,7078.35,7081.27,156432.0,185989.0,182740000000.0,185989.0,2025-03-21,2025-02-21,5816.4,5848.6,2573.89,-1.0
2025-01-21,7125.32,7146.99,7017.01,7113.88,7094.41,159114.0,186188.0,185016000000.0,186188.0,2025-03-21,2025-02-21,5845.6,5881.6,2581.52,-1.0
2025-01-22,7079.08,7093.68,6998.76,7066.42,7052.06,144804.0,182051.0,167719000000.0,182051.0,2025-03-21,2025-02-21,5806.6,5843.0,2571.3,0.0
2025-01-23,7130.19,7255.3,7027.97,7029.43,7045.25,206009.0,196866.0,241688000000.0,196866.0,2025-03-21,2025-02-21,5776.2,5809.0,2551.68,0.0
2025-01-24,7030.16,7212.22,7030.16,7204.43,7187.63,181477.0,182907.0,212737000000.0,182907.0,2025-03-21,2025-02-21,5920.0,5945.0,2560.85,0.0
2025-01-27,7238.99,7245.8,7041.35,7046.95,7090.28,150049.0,178993.0,175714000000.0,178993.0,2025-03-21,2025-02-21,5790.6,5825.8,2559.97,0.0
2025-02-05,7132.63,7184.96,7053.52,7097.58,7089.3,148296.0,180250.0,173568000000.0,180250.0,2025-03-21,2025-02-21,5832.2,5866.0,2566.68,0.0
2025-02-06,7093.44,7316.39,7054.74,7287.91,7284.02,174807.0,189866.0,207311000000.0,189866.0,2025-03-21,2025-02-21,5988.6,6024.0,2580.22,1.0
2025-02-07,7297.89,7515.97,7287.18,7417.88,7384.29,221664.0,197152.0,269984000000.0,197152.0,2025-03-21,2025-02-21,6095.4,6127.8,2600.41,1.0
2025-02-10,7441.73,7508.42,7402.79,7476.54,7487.25,150283.0,180572.0,184221000000.0,180572.0,2025-03-21,2025-02-21,6143.6,6181.8,2605.28,1.0
2025-02-11,7470.94,7491.63,7395.49,7463.88,7464.86,137719.0,179091.0,168479000000.0,179091.0,2025-03-21,2025-02-21,6133.2,6179.8,2597.67,1.0
2025-02-12,7451.96,7579.01,7447.09,7573.17,7554.18,170775.0,189977.0,211212000000.0,189977.0,2025-03-21,2025-02-21,6223.0,6268.0,2603.51,1.0
2025-02-13,7565.87,7576.82,7490.41,7514.75,7520.35,173716.0,187814.0,214933000000.0,187814.0,2025-03-21,2025-02-21,6175.0,6215.6,2561.57,1.0
2025-02-14,7518.4,7569.27,7462.42,7551.5,7543.23,165277.0,187975.0,204417000000.0,187975.0,2025-03-21,2025-02-21,6205.2,6240.2,2577.74,1.0
2025-02-17,7595.07,7617.95,7506.72,7568.54,7549.8,164701.0,187072.0,204793000000.0,187072.0,2025-03-21,2025-02-21,6219.2,6262.8,2563.53,1.0
2025-02-18,7553.21,7588.99,7381.62,7435.89,7426.16,194221.0,199394.0,239236000000.0,199394.0,2025-03-21,2025-02-21,6110.2,6151.6,2573.51,1.0
2025-02-19,7432.0,7603.35,7422.99,7593.86,7581.2,184332.0,197244.0,228117000000.0,197244.0,2025-03-21,2025-02-21,6240.0,6279.8,2583.78,1.0
2025-02-20,7583.88,7656.89,7552.48,7611.38,7627.44,167649.0,198815.0,209377000000.0,198815.0,2025-03-21,2025-02-21,6254.4,6310.0,2606.5,1.0
2025-02-21,7636.21,7816.56,7601.16,7787.35,7792.46,201141.0,206363.0,255241000000.0,206363.0,2025-03-21,2025-06-20,6399.0,6253.6,2597.05,1.0
2025-02-24,7764.23,7800.5,7700.71,7747.92,7735.02,172390.0,195891.0,219587000000.0,195891.0,2025-03-21,2025-06-20,6366.6,6215.6,2576.42,1.0
2025-02-25,7678.31,7794.9,7657.14,7734.29,7738.19,180068.0,195526.0,228928000000.0,195526.0,2025-03-21,2025-06-20,6355.4,6195.8,2557.96,1.0
2025-02-26,7760.09,7867.67,7693.89,7813.88,7804.15,212290.0,201621.0,271595000000.0,201621.0,2025-03-21,2025-06-20,6420.8,6248.2,2546.42,1.0
2025-02-27,7803.9,7853.8,7696.81,7806.82,7777.62,208253.0,194417.0,265902000000.0,194417.0,2025-03-21,2025-06-20,6415.0,6238.6,2551.28,1.0
2025-02-28,7773.72,7784.92,7554.91,7582.17,7581.69,216120.0,198135.0,271604000000.0,198135.0,2025-03-21,2025-06-20,6230.4,6060.0,2552.92,1.0
2025-03-03,7606.02,7696.81,7540.8,7563.92,7572.92,192032.0,187317.0,240618000000.0,187317.0,2025-03-21,2025-06-20,6215.4,6049.0,2546.98,0.0
2025-03-04,7526.68,7674.18,7507.45,7641.56,7654.46,179630.0,184657.0,224931000000.0,184657.0,2025-03-21,2025-06-20,6279.2,6107.2,2521.8,0.0
2025-03-05,7648.62,7703.14,7585.58,7682.69,7674.91,182519.0,181491.0,229101000000.0,181491.0,2025-03-21,2025-06-20,6313.0,6129.6,2505.16,0.0
2025-03-06,7731.13,7915.62,7730.4,7880.82,7889.58,187916.0,179624.0,242262000000.0,179624.0,2025-03-21,2025-06-20,6475.8,6287.8,2509.45,1.0
2025-03-07,7855.5,7910.27,7810.23,7852.83,7841.63,165679.0,169906.0,214144000000.0,169906.0,2025-03-21,2025-06-20,6452.8,6254.8,2513.28,1.0
2025-03-10,7859.15,7881.3,7756.44,7821.91,7823.86,154299.0,162826.0,198108000000.0,162826.0,2025-03-21,2025-06-20,6427.4,6220.8,2518.22,1.0
2025-03-11,7753.28,7899.31,7745.98,7898.1,7869.86,170671.0,165483.0,219714000000.0,165483.0,2025-03-21,2025-06-20,6490.0,6269.4,2503.62,1.0
2025-03-12,7940.69,8016.14,7888.6,7927.06,7945.07,165499.0,161880.0,216101000000.0,161880.0,2025-03-21,2025-06-20,6513.8,6284.0,2507.32,1.0
2025-03-13,7918.78,7935.34,7740.13,7820.21,7793.44,189598.0,165394.0,243518000000.0,165394.0,2025-03-21,2025-06-20,6426.0,6210.8,2528.72,1.0
2025-03-14,7823.13,7993.02,7775.43,7986.69,7974.52,190307.0,148876.0,247049000000.0,148876.0,2025-03-21,2025-06-20,6562.8,6368.2,2547.21,1.0
2025-03-17,7986.93,7999.1,7938.5,7963.08,7974.77,117429.0,127485.0,153817000000.0,127485.0,2025-03-21,2025-06-20,6543.4,6337.6,2535.5,1.0
2025-03-18,7991.56,8073.83,7977.93,8003.97,8009.57,113170.0,120484.0,149135000000.0,120484.0,2025-03-21,2025-06-20,6577.0,6369.4,2530.61,1.0
2025-03-19,7983.28,8012.49,7917.57,7971.11,7955.54,115152.0,98474.0,150706000000.0,98474.0,2025-03-21,2025-06-20,6550.0,6339.2,2514.89,1.0
2025-03-20,7958.94,8011.03,7902.72,7951.89,7956.02,86603.0,64278.0,113313000000.0,64278.0,2025-03-21,2025-06-20,6534.2,6307.2,2529.45,1.0
